doc_id,file_name,_split,field,candidate_text,candidate_source,line_idx,line_rel_pos,line_token_count,candidate_len,candidate_token_count,candidate_digit_count,candidate_alpha_count,candidate_digit_ratio,candidate_uppercase_ratio,candidate_has_org_suffix,candidate_has_address_word,candidate_has_label_word,candidate_shape,line_has_colon,line_is_upper,line_digit_ratio,line_has_dollar,line_has_org_suffix,line_has_address_word,line_has_label_word,is_top_10_lines,is_top_20_lines,is_bottom_half,is_bottom_quarter,ctx_has_invoice,ctx_has_invoice_no,ctx_has_bill_to,ctx_has_sold_to,ctx_has_ship_to,ctx_has_attention,ctx_has_total,ctx_has_amount_due,ctx_has_reference,ctx_has_due,invoice_like_score,ocr_quality_score,doc_num_lines,doc_num_chars,recipient_like_person_prefix,recipient_like_attention,recipient_looks_address_only,recipient_digit_heavy,label,notes
doc_0323,rvl_train_21065.png,train,recipient_name,FRORET NOOR TENS,after_label,9,0.5,3,16,3,0,14,0.0,1.0,0,0,0,AAAAAA AAAA AAAA,0,1,0.0,0,0,0,0,1,1,1,0,0,0,0,0,0,0,0,0,0,0,2,1.0,19,393,0,0,0,0,,
doc_0323,rvl_train_21065.png,train,recipient_name,DER NUMER,after_label,11,0.6111,2,9,2,0,8,0.0,1.0,0,0,0,AAA AAAAA,0,1,0.0,0,0,0,0,0,1,1,0,0,0,0,0,0,0,0,0,0,0,2,1.0,19,393,0,0,0,0,,
doc_0323,rvl_train_21065.png,train,recipient_name,DeSCRETON,after_label,12,0.6667,1,9,1,0,9,0.0,0.8889,0,0,0,AaAAAAAAA,0,0,0.0,0,0,0,0,0,1,1,0,0,0,0,0,0,0,0,0,0,0,2,1.0,19,393,0,0,0,0,,
doc_0323,rvl_train_21065.png,train,recipient_name,@ HAZLETON casonatonies AMERICA. INC,early_org_line,0,0.0,5,36,5,0,30,0.0,0.6,1,0,0,@ AAAAAAAA aaaaaaaaaaaa AAAAAAA. AAA,0,0,0.0,0,1,0,0,1,1,0,0,0,0,0,0,0,0,0,0,0,0,2,1.0,19,393,0,0,0,0,,
doc_0323,rvl_train_21065.png,train,recipient_name,Attn: Dr. J. Daniel Heck,attention_line,7,0.3889,5,24,5,0,17,0.0,0.2941,0,1,0,Aaaa: Aa. A. Aaaaaa Aaaa,1,0,0.0,0,0,1,0,1,1,0,0,0,0,0,0,0,1,0,0,0,0,2,1.0,19,393,0,1,1,0,,
doc_0297,rvl_train_08022.png,train,recipient_name,"John P. Rupp, Esquire",after_label,14,0.4516,4,21,4,0,16,0.0,0.25,0,0,0,"Aaaa A. Aaaa, Aaaaaaa",0,0,0.0,0,0,0,0,0,1,0,0,0,0,0,0,0,0,0,0,0,0,-1,1.0,32,641,0,0,0,0,,
doc_0297,rvl_train_08022.png,train,recipient_name,Support of international ETS symposium at McGill University |,after_label,16,0.5161,9,61,9,0,52,0.0,0.1346,0,0,0,Aaaaaaa aa aaaaaaaaaaaaa AAA aaaaaaaaa a,0,0,0.0,0,0,0,0,0,1,1,0,0,0,0,0,0,0,0,0,0,0,-1,1.0,32,641,0,0,0,0,,
doc_0297,rvl_train_08022.png,train,recipient_name,"in Montreal, Quebec.",after_label,17,0.5484,3,20,3,0,16,0.0,0.125,0,0,0,"aa Aaaaaaaa, Aaaaaa.",0,0,0.0,0,0,0,0,0,1,1,0,0,0,0,0,0,0,0,0,0,0,-1,1.0,32,641,0,0,0,0,,
doc_0297,rvl_train_08022.png,train,recipient_name,‘THE TOBACCO INSTITUTE,early_org_line,3,0.0968,3,22,3,0,19,0.0,1.0,1,0,0,‘AAA AAAAAAA AAAAAAAAA,0,1,0.0,0,1,0,0,1,1,0,0,0,0,0,0,0,0,0,0,0,0,-1,1.0,32,641,0,0,0,0,,
doc_0297,rvl_train_08022.png,train,recipient_name,PAY TO:___Covington & Burling,early_org_line,7,0.2258,4,29,4,0,21,0.0,0.3333,0,0,0,AAA AA:___Aaaaaaaaa & Aaaaaaa,1,0,0.0,0,0,0,0,1,1,0,0,0,0,0,0,0,0,0,0,0,0,-1,1.0,32,641,0,0,0,0,,
doc_0244,rvl_train_09106.png,train,recipient_name,Pp 111 Bighth Avene P,after_label,14,0.3182,5,21,5,3,14,0.1429,0.2857,0,0,0,Aa 000 Aaaaaa Aaaaa A,0,0,0.1429,0,0,0,0,0,1,0,0,0,0,0,0,0,1,0,0,0,0,0,1.0,45,1347,0,0,0,0,,
doc_0244,rvl_train_09106.png,train,recipient_name,"v New York, BY 20011",after_label,15,0.3409,5,20,5,5,10,0.25,0.4,0,0,0,"a Aaa Aaaa, AA 00000",0,0,0.25,0,0,0,0,0,1,0,0,0,0,0,0,0,0,0,0,0,0,0,1.0,45,1347,0,0,0,1,,
doc_0244,rvl_train_09106.png,train,recipient_name,SRST OT SLT FEBE OBEY ZI,after_label,18,0.4091,6,24,6,0,19,0.0,1.0,0,0,0,AAAA AA AAA AAAA AAAA AA,0,1,0.0,0,0,0,0,0,1,0,0,0,0,0,0,0,0,0,0,0,0,0,1.0,45,1347,0,0,0,0,,
doc_0244,rvl_train_09106.png,train,recipient_name,MAL IVOGES TO OF ADMRUSTRATWE CENTER,early_org_line,5,0.1136,6,36,6,0,31,0.0,1.0,1,0,0,AAA AAAAAA AA AA AAAAAAAAAAAA AAAAAA,0,1,0.0,0,1,0,0,1,1,0,0,0,0,0,0,0,0,0,0,0,0,0,1.0,45,1347,0,0,0,0,,
doc_0244,rvl_train_09106.png,train,recipient_name,8| artwork Reproductions Inc. S| see attached,early_org_line,12,0.2727,7,45,7,1,35,0.0222,0.0857,1,0,0,0| aaaaaaa Aaaaaaaaaaaaa Aaa. A| aaa aaa,0,0,0.0222,0,1,0,0,0,1,0,0,0,0,0,0,0,1,0,0,0,0,0,1.0,45,1347,0,0,0,0,,
doc_0244,rvl_train_09106.png,train,recipient_name,To Greensboro: Week of February 29 See Attached,early_org_line,19,0.4318,8,47,8,2,37,0.0426,0.1622,0,0,0,Aa Aaaaaaaaaa: Aaaa aa Aaaaaaaa 00 Aaa A,1,0,0.0426,0,0,0,0,0,1,0,0,0,0,0,0,0,0,0,0,0,0,0,1.0,45,1347,0,0,0,0,,
doc_0244,rvl_train_09106.png,train,recipient_name,"Pp Attn: Mr. A. Workstel """,attention_line,13,0.2955,6,26,6,0,17,0.0,0.2941,0,0,0,"Aa Aaaa: Aa. A. Aaaaaaaa """,1,0,0.0,0,0,0,0,0,1,0,0,0,0,0,0,0,1,0,0,0,0,0,1.0,45,1347,0,1,0,0,,
doc_0205,rvl_train_09013.png,train,recipient_name,Cc CG CONTRACT RESEARCH CENTER | avaase.at.,early_org_line,4,0.1176,7,43,7,0,34,0.0,0.7353,1,0,0,Aa AA AAAAAAAA AAAAAAAA AAAAAA | aaaaaa.,0,0,0.0,0,1,0,0,1,1,0,0,0,0,0,0,0,0,0,0,0,0,0,1.0,35,1001,0,0,0,0,,
doc_0267,rvl_train_06301.png,train,recipient_name,"LABORATORIES AMERICA, INC.",early_org_line,1,0.037,3,26,3,0,22,0.0,1.0,1,0,0,"AAAAAAAAAAAA AAAAAAA, AAA.",0,1,0.0,0,1,0,0,1,1,0,0,0,0,0,0,0,0,0,0,0,0,2,1.0,28,518,0,0,0,0,,
doc_0267,rvl_train_06301.png,train,recipient_name,To: Lorillard Research Center,early_org_line,5,0.1852,4,29,4,0,25,0.0,0.16,1,0,0,Aa: Aaaaaaaaa Aaaaaaaa Aaaaaa,1,0,0.0,0,1,0,0,1,1,0,0,0,0,0,0,0,0,0,0,0,0,2,1.0,28,518,0,0,0,0,,
doc_0267,rvl_train_06301.png,train,recipient_name,"[Attention: Melanee B, Bennett",attention_line,9,0.3333,4,30,4,0,24,0.0,0.1667,0,0,0,"[Aaaaaaaaa: Aaaaaaa A, Aaaaaaa",1,0,0.0,0,0,0,0,1,1,0,0,1,0,0,0,0,1,0,0,0,0,2,1.0,28,518,0,1,0,0,,
doc_0357,rvl_train_17339.png,train,recipient_name,"""A PROFESSIONAL CORPORATION",early_org_line,2,0.0909,3,27,3,0,24,0.0,1.0,1,0,0,"""A AAAAAAAAAAAA AAAAAAAAAAA",0,1,0.0,0,1,0,0,1,1,0,0,0,0,0,0,0,0,0,0,0,0,4,1.0,23,644,0,0,0,0,,
doc_0357,rvl_train_17339.png,train,recipient_name,"CLIENT: PHILIP MORRIS COMPANIES, INC.",early_org_line,12,0.5455,5,37,5,0,30,0.0,1.0,1,0,0,"AAAAAA: AAAAAA AAAAAA AAAAAAAAA, AAA.",1,1,0.0,0,1,0,0,0,1,1,0,0,0,0,0,0,0,0,0,0,0,4,1.0,23,644,0,0,0,0,,
doc_0357,rvl_train_17339.png,train,recipient_name,OK TO PAY.,early_org_line,16,0.7273,3,10,3,0,7,0.0,1.0,0,0,0,AA AA AAA.,0,1,0.0,0,0,0,0,0,1,1,0,0,0,0,0,0,0,1,1,0,1,4,1.0,23,644,0,0,0,0,,
doc_0357,rvl_train_17339.png,train,recipient_name,REMITTANCE TO INSURE ACCURATE CREDIT,early_org_line,21,0.9545,5,36,5,0,32,0.0,1.0,0,0,0,AAAAAAAAAA AA AAAAAA AAAAAAAA AAAAAA,0,1,0.0,0,0,0,0,0,0,1,1,0,0,0,0,0,0,0,0,0,0,4,1.0,23,644,0,0,0,0,,
doc_0241,rvl_train_13849.png,train,recipient_name,"Metropolitan Sunday Newspapers, Inc.",early_org_line,0,0.0,4,36,4,0,31,0.0,0.129,1,0,0,"Aaaaaaaaaaaa Aaaaaa Aaaaaaaaaa, Aaa.",0,0,0.0,0,1,0,0,1,1,0,0,0,0,0,0,0,0,0,0,0,0,0,1.0,20,709,0,0,0,0,,
doc_0341,rvl_train_04533.png,train,recipient_name,more <i. sid £2 CONTRACT RESEARCH CENTER BVBA,early_org_line,8,0.3077,8,45,8,1,34,0.0222,0.7647,1,0,0,aaaa <a. aaa £0 AAAAAAAA AAAAAAAA AAAAAA,0,0,0.0222,0,1,0,0,1,1,0,0,0,0,0,0,0,0,0,0,0,0,0,1.0,27,634,0,0,0,0,,
doc_0258,rvl_val_04091.png,train,recipient_name,BLIREF.: 231558,after_label,14,0.5385,2,15,2,6,6,0.4,1.0,0,0,0,AAAAAA.: 000000,1,1,0.4,0,0,0,0,0,1,1,0,1,1,0,0,0,0,0,0,1,0,2,1.0,27,606,0,0,0,1,,
doc_0258,rvl_val_04091.png,train,recipient_name,"LABORATORIES, INC.",early_org_line,1,0.0385,2,18,2,0,15,0.0,1.0,1,0,0,"AAAAAAAAAAAA, AAA.",0,1,0.0,0,1,0,0,1,1,0,0,0,0,0,0,0,0,0,0,0,0,2,1.0,27,606,0,0,0,0,,
doc_0258,rvl_val_04091.png,train,recipient_name,"Boriston Laboratories, Inc",early_org_line,2,0.0769,3,26,3,0,23,0.0,0.1304,1,0,0,"Aaaaaaaa Aaaaaaaaaaaa, Aaa",0,0,0.0,0,1,0,0,1,1,0,0,0,0,0,0,0,0,0,0,0,0,2,1.0,27,606,0,0,0,0,,
doc_0258,rvl_val_04091.png,train,recipient_name,"LORILLARD, INC.",early_org_line,8,0.3077,2,15,2,0,12,0.0,1.0,1,0,0,"AAAAAAAAA, AAA.",0,1,0.0,0,1,0,0,1,1,0,0,0,0,0,0,0,0,0,0,0,0,2,1.0,27,606,0,0,0,0,,
doc_0258,rvl_val_04091.png,train,recipient_name,"Borriston Laboratories, Inc.",early_org_line,20,0.7692,3,28,3,0,24,0.0,0.125,1,0,0,"Aaaaaaaaa Aaaaaaaaaaaa, Aaa.",0,0,0.0,0,1,0,0,0,0,1,1,0,0,0,0,0,0,0,0,0,0,2,1.0,27,606,0,0,0,0,,
doc_0258,rvl_val_04091.png,train,recipient_name,Attention: Dr. Harry Minnemeyer,attention_line,12,0.4615,4,31,4,0,26,0.0,0.1538,0,1,0,Aaaaaaaaa: Aa. Aaaaa Aaaaaaaaaa,1,0,0.0,0,0,1,0,0,1,0,0,1,0,0,0,0,1,0,0,1,0,2,1.0,27,606,0,1,1,0,,
doc_0364,rvl_test_22339.png,train,recipient_name,"‘Check Payable to, [Friends of Joe Roberts",early_org_line,16,0.64,7,42,7,0,33,0.0,0.1515,0,0,0,"‘Aaaaa Aaaaaaa aa, [Aaaaaaa aa Aaa Aaaaa",0,0,0.0,0,0,0,0,0,1,1,0,0,0,0,0,0,0,0,0,0,0,0,1.0,26,739,0,0,0,0,,
doc_0343,rvl_train_02979.png,train,recipient_name,Philip Morris Inc. j 25-218:,early_org_line,3,0.1667,5,28,5,5,16,0.1786,0.1875,1,0,0,Aaaaaa Aaaaaa Aaa. a 00-000:,1,0,0.1786,0,1,0,0,1,1,0,0,0,0,0,0,0,0,0,0,0,1,0,1.0,19,613,0,0,0,1,,
doc_0343,rvl_train_02979.png,train,recipient_name,"LAZO Park, Aves 4 check made payable to The Hartford.",early_org_line,15,0.8333,10,53,10,1,41,0.0189,0.1951,0,0,0,"AAAA Aaaa, Aaaa 0 aaaaa aaaa aaaaaaa aa ",0,0,0.0189,0,0,0,0,0,1,1,1,0,0,0,0,0,0,0,0,0,0,0,1.0,19,613,0,0,0,0,,
doc_0227,rvl_train_00870.png,train,recipient_name,Job title : Courtesy of Choice,after_label,9,0.3,6,30,6,0,24,0.0,0.125,0,0,0,Aaa aaaaa : Aaaaaaaa aa Aaaaaa,1,0,0.0,0,0,0,0,1,1,0,0,0,0,0,0,0,1,0,0,0,0,0,1.0,31,1193,0,0,0,0,,
doc_0227,rvl_train_00870.png,train,recipient_name,Rent O ee SSUPIILASCHUG INC WRN TIMARN IUEPIIOEE I> PAANO.,early_org_line,1,0.0333,10,58,10,0,47,0.0,0.8936,1,0,0,Aaaa A aa AAAAAAAAAAAAA AAA AAA AAAAAA A,0,0,0.0,0,1,0,0,1,1,0,0,0,0,0,0,0,0,0,0,0,0,0,1.0,31,1193,0,0,0,0,,
doc_0227,rvl_train_00870.png,train,recipient_name,ATTN: Mary Pottorff Page : 1,attention_line,8,0.2667,6,28,6,1,20,0.0357,0.35,0,0,0,AAAA: Aaaa Aaaaaaaa Aaaa : 0,1,0,0.0357,0,0,0,0,1,1,0,0,0,0,0,0,0,1,0,0,0,0,0,1.0,31,1193,0,1,0,0,,
doc_0228,rvl_train_22982.png,train,recipient_name,Telemarketing Services voice Numaer; 116936,early_org_line,5,0.1351,5,43,5,6,32,0.1395,0.0938,1,0,0,Aaaaaaaaaaaaa Aaaaaaaa aaaaa Aaaaaa; 000,0,0,0.1395,0,1,0,0,1,1,0,0,0,0,0,0,0,0,0,0,0,0,1,1.0,38,566,0,0,0,1,,
doc_0228,rvl_train_22982.png,train,recipient_name,To: LORILLARD,early_org_line,9,0.2432,2,13,2,0,11,0.0,0.9091,0,0,0,Aa: AAAAAAAAA,1,0,0.0,0,0,0,0,1,1,0,0,0,0,0,0,0,0,0,0,0,0,1,1.0,38,566,0,0,0,0,,
doc_0312,rvl_train_13146.png,train,recipient_name,Bt Mason RESEARCH INSTITUTE,early_org_line,0,0.0,4,27,4,0,24,0.0,0.7917,1,0,0,Aa Aaaaa AAAAAAAA AAAAAAAAA,0,0,0.0,0,1,0,0,1,1,0,0,0,0,0,0,0,0,0,0,0,0,0,1.0,29,813,0,0,0,0,,
doc_0312,rvl_train_13146.png,train,recipient_name,"The Council for Tobacco Research, U.S.A.",early_org_line,3,0.1071,6,40,6,0,31,0.0,0.2258,1,0,0,"Aaa Aaaaaaa aaa Aaaaaaa Aaaaaaaa, A.A.A.",0,0,0.0,0,1,0,0,1,1,0,0,0,0,0,0,0,0,0,0,0,0,0,1.0,29,813,0,0,0,0,,
doc_0202,rvl_train_00820.png,train,recipient_name,"EM &Company, Inc.",early_org_line,1,0.0233,3,17,3,0,12,0.0,0.3333,1,0,0,"AA &Aaaaaaa, Aaa.",0,0,0.0,0,1,0,0,1,1,0,0,1,0,0,0,0,0,0,0,0,0,1,1.0,44,877,0,0,0,0,,
doc_0202,rvl_train_00820.png,train,recipient_name,"Labor, equipment, and miscellaneous material to",early_org_line,14,0.3256,6,47,6,0,40,0.0,0.025,0,0,0,"Aaaaa, aaaaaaaaa, aaa aaaaaaaaaaaaa aaaa",0,0,0.0,0,0,0,0,0,1,0,0,0,0,0,0,0,0,0,0,0,0,1,1.0,44,877,0,0,0,0,,
doc_0202,rvl_train_00820.png,train,recipient_name,and to repair Yankee thermocompressor.,early_org_line,16,0.3721,5,38,5,0,33,0.0,0.0303,0,0,0,aaa aa aaaaaa Aaaaaa aaaaaaaaaaaaaaaa.,0,0,0.0,0,0,0,0,0,1,0,0,0,0,0,0,0,0,0,0,0,0,1,1.0,44,877,0,0,0,0,,
doc_0266,rvl_train_18919.png,train,recipient_name,LORILLARD RESEARCH CENTER,early_org_line,5,0.1852,3,25,3,0,23,0.0,1.0,1,0,0,AAAAAAAAA AAAAAAAA AAAAAA,0,1,0.0,0,1,0,0,1,1,0,0,0,0,0,0,0,0,0,0,0,0,2,1.0,28,512,0,0,0,0,,
doc_0232,rvl_test_14720.png,train,recipient_name,TC [RTOS PRET TT TO,early_org_line,8,0.2963,5,19,5,0,14,0.0,1.0,0,0,0,AA [AAAA AAAA AA AA,0,1,0.0,0,0,0,0,1,1,0,0,0,0,0,0,0,0,0,0,0,0,-1,1.0,28,644,0,0,0,0,,
doc_0232,rvl_test_14720.png,train,recipient_name,RETURN TO: KANE (01 Jocranrier uLOMGRLGOR,early_org_line,11,0.4074,6,41,6,2,32,0.0488,0.6875,0,0,0,AAAAAA AA: AAAA (00 Aaaaaaaaaa aAAAAAAAA,1,0,0.0488,0,0,0,0,0,1,0,0,0,0,0,0,0,0,0,0,0,0,-1,1.0,28,644,0,0,0,0,,
doc_0268,rvl_train_02280.png,train,recipient_name,PLEASE REFER TO OUR INVOICE,early_org_line,0,0.0,5,27,5,0,23,0.0,1.0,0,0,1,AAAAAA AAAAA AA AAA AAAAAAA,0,1,0.0,0,0,0,1,1,1,0,0,1,0,0,0,0,0,0,0,0,0,2,1.0,22,615,0,0,0,0,,
doc_0268,rvl_train_02280.png,train,recipient_name,so.o70 suipreo To,early_org_line,6,0.2857,3,17,3,2,12,0.1176,0.0833,0,0,0,aa.a00 aaaaaaa Aa,0,0,0.1176,0,0,0,0,1,1,0,0,0,0,0,0,0,0,0,0,0,0,2,1.0,22,615,0,0,0,0,,
doc_0366,rvl_val_17596.png,train,recipient_name,MANAGEMENT CORP.,early_org_line,1,0.0769,2,16,2,0,14,0.0,1.0,1,0,0,AAAAAAAAAA AAAA.,0,1,0.0,0,1,0,0,1,1,0,0,0,0,0,0,0,0,0,0,0,0,0,1.0,14,286,0,0,0,0,,
doc_0366,rvl_val_17596.png,train,recipient_name,Services Rendered: L9%e,early_org_line,6,0.4615,3,23,3,1,18,0.0435,0.1667,1,0,0,Aaaaaaaa Aaaaaaaa: A0%a,1,0,0.0435,0,1,0,0,1,1,0,0,0,0,0,0,0,0,0,0,0,0,0,1.0,14,286,0,0,0,0,,
doc_0277,rvl_train_14858.png,train,recipient_name,SPECIAL INSTRUCTIONS: Please return check to,early_org_line,8,0.2286,6,44,6,0,38,0.0,0.5263,0,0,0,AAAAAAA AAAAAAAAAAAA: Aaaaaa aaaaaa aaaa,1,0,0.0,0,0,0,0,1,1,0,0,0,0,0,0,0,0,0,0,0,0,2,1.0,36,920,0,0,0,0,,
doc_0277,rvl_train_14858.png,train,recipient_name,COST CENTER,early_org_line,12,0.3429,2,11,2,0,10,0.0,1.0,1,0,0,AAAA AAAAAA,0,1,0.0,0,1,0,0,0,1,0,0,0,0,0,0,0,0,0,0,0,0,2,1.0,36,920,0,0,0,0,,
doc_0283,rvl_train_12131.png,train,recipient_name,ait lt ENTS To! 3 FOB instifiTion,early_org_line,0,0.0,7,33,7,1,25,0.0303,0.36,0,0,0,aaa aa AAAA Aa! 0 AAA aaaaaaaAaaa,0,0,0.0303,0,0,0,0,1,1,0,0,0,0,0,0,0,0,0,0,0,0,0,1.0,3,72,0,0,0,0,,
doc_0283,rvl_train_12131.png,train,recipient_name,"JELIVERED, INSIDE TO RECEI",early_org_line,1,0.5,4,26,4,0,22,0.0,1.0,0,0,0,"AAAAAAAAA, AAAAAA AA AAAAA",0,1,0.0,0,0,0,0,1,1,1,0,0,0,0,0,0,0,0,0,0,0,0,1.0,3,72,0,0,0,0,,
doc_0381,rvl_val_05855.png,train,recipient_name,"LABORATORIES AMERICA, INC",early_org_line,2,0.069,3,25,3,0,22,0.0,1.0,1,0,0,"AAAAAAAAAAAA AAAAAAA, AAA",0,1,0.0,0,1,0,0,1,1,0,0,0,0,0,0,0,0,0,0,0,0,1,1.0,30,527,0,0,0,0,,
doc_0381,rvl_val_05855.png,train,recipient_name,"T vorittard, Inc.",early_org_line,5,0.1724,3,17,3,0,13,0.0,0.1538,1,0,0,"A aaaaaaaaa, Aaa.",0,0,0.0,0,1,0,0,1,1,0,0,1,0,0,0,0,0,0,0,0,0,1,1.0,30,527,0,0,0,0,,
doc_0381,rvl_val_05855.png,train,recipient_name,To: P.O. Box 21688,early_org_line,6,0.2069,4,18,4,5,7,0.2778,0.5714,0,0,0,Aa: A.A. Aaa 00000,1,0,0.2778,0,0,0,0,1,1,0,0,0,0,0,0,0,0,0,0,0,0,1,1.0,30,527,0,0,0,1,,
doc_0381,rvl_val_05855.png,train,recipient_name,Attn: Dr. Danfel J. Heck,attention_line,8,0.2759,5,24,5,0,17,0.0,0.2941,0,1,0,Aaaa: Aa. Aaaaaa A. Aaaa,1,0,0.0,0,0,1,0,1,1,0,0,0,0,0,0,0,1,0,0,0,0,1,1.0,30,527,0,1,1,0,,
doc_0310,rvl_train_01052.png,train,recipient_name,". DANIEL J. EDELMAN, INC.",early_org_line,0,0.0,5,25,5,0,17,0.0,1.0,1,0,0,". AAAAAA A. AAAAAAA, AAA.",0,1,0.0,0,1,0,0,1,1,0,0,0,0,0,0,0,0,0,0,0,0,0,1.0,37,687,0,0,0,0,,
doc_0310,rvl_train_01052.png,train,recipient_name,PROFESSIONAL SERVICES |,early_org_line,12,0.3333,3,23,3,0,20,0.0,1.0,1,0,0,AAAAAAAAAAAA AAAAAAAA |,0,1,0.0,0,1,0,0,0,1,0,0,0,0,0,0,0,0,0,0,0,0,0,1.0,37,687,0,0,0,0,,
doc_0252,rvl_train_19783.png,train,recipient_name,RETURN TO: NAME SEPARTHENT | BULONGILGOR PRONE,early_org_line,13,0.3171,7,46,7,0,38,0.0,1.0,0,0,0,AAAAAA AA: AAAA AAAAAAAAAA | AAAAAAAAAAA,1,1,0.0,0,0,0,0,0,1,0,0,0,0,0,0,0,0,0,0,0,0,-1,1.0,42,1037,0,0,0,0,,
doc_0388,rvl_train_19955.png,train,recipient_name,Philip Morris Inc.,early_org_line,13,0.619,3,18,3,0,15,0.0,0.2,1,0,0,Aaaaaa Aaaaaa Aaa.,0,0,0.0,0,1,0,0,0,1,1,0,0,0,0,0,0,0,0,0,0,0,0,1.0,22,498,0,0,0,0,,
doc_0261,rvl_test_18090.png,train,recipient_name,BRITISH-AMERICAN TOBACCO COMPANY LTD,early_org_line,0,0.0,4,36,4,0,32,0.0,1.0,1,0,0,AAAAAAA-AAAAAAAA AAAAAAA AAAAAAA AAA,0,1,0.0,0,1,0,0,1,1,0,0,0,0,0,0,0,0,0,0,0,0,2,1.0,23,536,0,0,0,0,,
doc_0261,rvl_test_18090.png,train,recipient_name,"Brown & Williamson Tobacco Corporation,",early_org_line,1,0.0455,5,39,5,0,33,0.0,0.1212,1,0,0,"Aaaaa & Aaaaaaaaaa Aaaaaaa Aaaaaaaaaaa,",0,0,0.0,0,1,0,0,1,1,0,0,0,0,0,0,0,0,0,0,0,0,2,1.0,23,536,0,0,0,0,,
doc_0206,rvl_train_08025.png,train,recipient_name,434 tO,early_org_line,15,0.625,2,6,2,3,2,0.5,0.5,0,0,0,000 aA,0,0,0.5,0,0,0,0,0,1,1,0,0,0,0,0,0,0,0,0,0,0,0,1.0,25,532,0,0,0,0,,
doc_0361,rvl_val_00377.png,train,recipient_name,"To 229) uD,",early_org_line,3,0.1875,3,11,3,3,4,0.2727,0.5,0,0,0,"Aa 000) aA,",0,0,0.2727,0,0,0,0,1,1,0,0,0,0,0,0,0,0,0,0,0,0,0,1.0,17,408,0,0,0,0,,
doc_0361,rvl_val_00377.png,train,recipient_name,Research and Developnent,early_org_line,4,0.25,3,24,3,0,22,0.0,0.0909,1,0,0,Aaaaaaaa aaa Aaaaaaaaaaa,0,0,0.0,0,1,0,0,1,1,0,0,0,0,0,0,0,0,0,0,0,0,0,1.0,17,408,0,0,0,0,,
doc_0361,rvl_val_00377.png,train,recipient_name,"Advance for The CORESTA ""AS Symasinn to by 20. 00",early_org_line,7,0.4375,10,49,10,4,34,0.0816,0.3529,0,0,0,"Aaaaaaa aaa Aaa AAAAAAA ""AA Aaaaaaaa aa ",0,0,0.0816,0,0,0,0,1,1,0,0,0,0,0,0,0,0,0,0,0,0,0,1.0,17,408,0,0,0,0,,
doc_0361,rvl_val_00377.png,train,recipient_name,| primase: RETURN citgcK TO:,early_org_line,13,0.8125,5,28,5,0,21,0.0,0.4286,0,0,0,| aaaaaaa: AAAAAA aaaaaA AA:,1,0,0.0,0,0,0,0,0,1,1,1,0,0,0,0,0,0,0,0,0,0,0,1.0,17,408,0,0,0,0,,
doc_0233,rvl_train_13747.png,train,recipient_name,"(G0 COMPANIES; 008MANAGEMENT, 10.NCORPORATED)",early_org_line,20,0.4082,4,45,4,6,31,0.1333,1.0,1,0,0,"(A0 AAAAAAAAA; 000AAAAAAAAAA, 00.AAAAAAA",0,1,0.1333,0,1,0,0,0,0,0,0,0,0,0,0,0,0,0,0,0,0,-1,1.0,50,1497,0,0,0,1,,
doc_0233,rvl_train_13747.png,train,recipient_name,[Venoon#_ COMPANY,early_org_line,21,0.4286,2,17,2,0,13,0.0,0.6154,1,0,0,[Aaaaaa#_ AAAAAAA,0,0,0.0,0,1,0,0,0,0,0,0,0,0,0,0,0,0,0,0,0,0,-1,1.0,50,1497,0,0,0,0,,
doc_0307,rvl_train_07197.png,train,recipient_name,"LABORATORIES AMERICA, INC’",early_org_line,1,0.0357,3,26,3,0,22,0.0,1.0,1,0,0,"AAAAAAAAAAAA AAAAAAA, AAA’",0,1,0.0,0,1,0,0,1,1,0,0,1,0,0,0,0,0,0,0,0,0,4,1.0,29,812,0,0,0,0,,
doc_0307,rvl_train_07197.png,train,recipient_name,"HAZLETON LABORATORIES AMERICA, INC. USE THIS NUMBER",early_org_line,4,0.1429,7,51,7,0,43,0.0,1.0,1,0,0,"AAAAAAAA AAAAAAAAAAAA AAAAAAA, AAA. AAA ",0,1,0.0,0,1,0,0,1,1,0,0,1,1,0,0,0,0,0,0,0,0,4,1.0,29,812,0,0,0,0,,
doc_0307,rvl_train_07197.png,train,recipient_name,LORILLARD RESEARCH CENTER,early_org_line,9,0.3214,3,25,3,0,23,0.0,1.0,1,0,0,AAAAAAAAA AAAAAAAA AAAAAA,0,1,0.0,0,1,0,0,1,1,0,0,0,0,0,0,0,0,0,0,0,0,4,1.0,29,812,0,0,0,0,,
doc_0307,rvl_train_07197.png,train,recipient_name,SERVICES RENDERED:,early_org_line,18,0.6429,2,18,2,0,16,0.0,1.0,1,0,0,AAAAAAAA AAAAAAAA:,1,1,0.0,0,1,0,0,0,1,1,0,0,0,0,0,0,0,0,0,0,0,4,1.0,29,812,0,0,0,0,,
doc_0400,rvl_train_03666.png,train,recipient_name,to New York Telephone.,early_org_line,19,0.5135,4,22,4,0,18,0.0,0.1667,0,0,0,aa Aaa Aaaa Aaaaaaaaa.,0,0,0.0,0,0,0,0,0,1,1,0,0,0,0,0,0,0,0,0,0,0,2,1.0,38,994,0,0,0,0,,
doc_0327,rvl_train_04576.png,train,recipient_name,TO COVER COSTE ABBOCIATED WI,early_org_line,0,0.0,5,28,5,0,24,0.0,1.0,0,0,0,AA AAAAA AAAAA AAAAAAAAAA AA,0,1,0.0,0,0,0,0,1,1,0,0,0,0,0,0,0,0,0,0,0,0,0,1.0,27,380,0,0,0,0,,
doc_0276,rvl_train_03310.png,train,recipient_name,Pp. LORILLARD COMPANY,early_org_line,1,0.1,3,21,3,0,18,0.0,0.9444,1,0,0,Aa. AAAAAAAAA AAAAAAA,0,0,0.0,0,1,0,0,1,1,0,0,0,0,0,0,0,0,0,0,0,0,0,1.0,11,279,0,0,0,0,,
doc_0276,rvl_train_03310.png,train,recipient_name,Experimental research on KENT Cigarettes,early_org_line,6,0.6,5,40,5,0,36,0.0,0.1667,1,0,0,Aaaaaaaaaaaa aaaaaaaa aa AAAA Aaaaaaaaaa,0,0,0.0,0,1,0,0,1,1,1,0,0,0,0,0,0,0,0,0,0,0,0,1.0,11,279,0,0,0,0,,
doc_0289,rvl_train_21235.png,train,recipient_name,"PLEASE RETURN CHECK TO NANCY PETERS OC/AQW GAN. 5,",early_org_line,7,0.5833,9,50,9,1,38,0.02,1.0,0,0,0,AAAAAA AAAAAA AAAAA AA AAAAA AAAAAA AA/A,0,1,0.02,0,0,0,0,1,1,1,0,0,0,0,0,0,0,0,0,0,0,0,1.0,13,279,0,0,0,0,,
doc_0311,rvl_train_10337.png,train,recipient_name,FLetsMeAN MILLARD Joenver nasezorr. se 2,after_label,13,0.5909,6,40,6,1,33,0.025,0.3939,0,0,0,AAaaaAaAA AAAAAAA Aaaaaaa aaaaaaaa. aa 0,0,0,0.025,0,0,0,0,0,1,1,0,0,0,0,0,0,0,0,0,0,0,0,1.0,23,790,0,0,0,0,,
doc_0311,rvl_train_10337.png,train,recipient_name,eH Fu foses.€ MANPDEW AV. Fy,after_label,14,0.6364,6,28,6,0,20,0.0,0.6,0,0,0,aA Aa aaaaa.€ AAAAAAA AA. Aa,0,0,0.0,0,0,0,0,0,1,1,0,0,0,0,0,0,0,0,0,0,0,0,1.0,23,790,0,0,0,0,,
doc_0311,rvl_train_10337.png,train,recipient_name,Hisor comecrrcur ave wt [DENVER,after_label,15,0.6818,5,31,5,0,26,0.0,0.2692,0,1,0,Aaaaa aaaaaaaaaa aaa aa [AAAAAA,0,0,0.0,0,0,1,0,0,1,1,0,0,0,0,0,0,0,0,0,0,0,0,1.0,23,790,0,0,1,0,,
doc_0311,rvl_train_10337.png,train,recipient_name,WASHINGTON anes],after_label,16,0.7273,2,16,2,0,14,0.0,0.7143,0,0,0,AAAAAAAAAA aaaa],0,0,0.0,0,0,0,0,0,1,1,0,0,0,0,0,0,0,0,0,0,0,0,1.0,23,790,0,0,0,0,,
doc_0311,rvl_train_10337.png,train,recipient_name,DESCRIPTION | REFERENCE NUMBER ATTENTION SCALE #,attention_line,11,0.5,7,48,7,0,40,0.0,1.0,0,0,1,AAAAAAAAAAA | AAAAAAAAA AAAAAA AAAAAAAAA,0,1,0.0,0,0,0,1,0,1,1,0,0,0,0,0,0,1,0,0,1,0,0,1.0,23,790,0,1,0,0,,
doc_0237,rvl_train_24865.png,train,recipient_name,"yo__The Tobacco Institute, Inc.",early_org_line,4,0.3636,4,31,4,0,24,0.0,0.1667,1,0,0,"aa__Aaa Aaaaaaa Aaaaaaaaa, Aaa.",0,0,0.0,0,1,0,0,1,1,0,0,0,0,0,0,0,0,0,0,0,0,0,1.0,12,285,0,0,0,0,,
doc_0237,rvl_train_24865.png,train,recipient_name,as per Tobacco Institute letter of,early_org_line,8,0.7273,6,34,6,0,29,0.0,0.069,1,0,0,aa aaa Aaaaaaa Aaaaaaaaa aaaaaa aa,0,0,0.0,0,1,0,0,1,1,1,0,0,0,0,0,0,0,0,0,0,0,0,1.0,12,285,0,0,0,0,,
doc_0399,rvl_train_19627.png,train,recipient_name,"‘a. company, inc /advertising",early_org_line,1,0.0161,4,29,4,0,22,0.0,0.0,1,0,0,"‘a. aaaaaaa, aaa /aaaaaaaaaaa",0,0,0.0,0,1,0,0,1,1,0,0,0,0,0,0,0,0,0,0,0,0,0,1.0,63,1143,0,0,0,0,,
doc_0399,rvl_train_19627.png,train,recipient_name,IeLLENT BW GROWN & WELLTAMSOH FosACCO CORP,early_org_line,5,0.0806,7,42,7,0,35,0.0,0.9143,1,0,0,AaAAAAA AA AAAAA & AAAAAAAAAA AaaAAAA AA,0,0,0.0,0,1,0,0,1,1,0,0,0,0,0,0,0,0,0,0,0,0,0,1.0,63,1143,0,0,0,0,,
doc_0399,rvl_train_19627.png,train,recipient_name,ESTIMATE WUNDERS KMGHISC=TO-IRL,early_org_line,9,0.1452,3,31,3,0,27,0.0,1.0,0,0,0,AAAAAAAA AAAAAAA AAAAAAA=AA-AAA,0,1,0.0,0,0,0,0,1,1,0,0,0,0,0,0,0,0,0,0,0,0,0,1.0,63,1143,0,0,0,0,,
doc_0262,rvl_train_09607.png,train,recipient_name,or/or/ee TO 12/s1/as PAGE Hi,early_org_line,4,0.1481,5,28,5,3,17,0.1071,0.4118,0,0,0,aa/aa/aa AA 00/a0/aa AAAA Aa,0,0,0.1071,0,0,0,0,1,1,0,0,0,0,0,0,0,0,0,0,0,0,0,1.0,28,715,0,0,0,0,,
doc_0262,rvl_train_09607.png,train,recipient_name,CLIENT: P.M. INC. OFFICE: 10 DESC: 703A MILITARY NEWSPAPERS,early_org_line,5,0.1852,9,59,9,5,40,0.0847,1.0,1,0,0,AAAAAA: A.A. AAA. AAAAAA: 00 AAAA: 000A ,1,1,0.0847,0,1,0,0,1,1,0,0,0,0,0,0,0,0,0,0,0,0,0,1.0,28,715,0,0,0,1,,
doc_0204,rvl_val_24300.png,train,recipient_name,CONTRACT RESEARCH CENTER ‘sveas 2,early_org_line,3,0.0811,5,33,5,1,27,0.0303,0.8148,1,0,0,AAAAAAAA AAAAAAAA AAAAAA ‘aaaaa 0,0,0,0.0303,0,1,0,0,1,1,0,0,0,0,0,0,0,0,0,0,0,0,0,1.0,38,1213,0,0,0,0,,
doc_0304,rvl_train_18251.png,train,recipient_name,ADVERTISING CORPORATION P.0.8OX L860,early_org_line,3,0.1429,4,36,4,5,26,0.1389,1.0,1,0,0,AAAAAAAAAAA AAAAAAAAAAA A.0.0AA A000,0,1,0.1389,0,1,0,0,1,1,0,0,0,0,0,0,0,0,0,0,0,0,1,1.0,22,559,0,0,0,1,,
doc_0304,rvl_train_18251.png,train,recipient_name,5 ots INVOICE T customer,early_org_line,8,0.381,5,24,5,1,19,0.0417,0.4211,0,0,1,0 aaa AAAAAAA A aaaaaaaa,0,0,0.0417,0,0,0,1,1,1,0,0,1,0,0,0,0,0,0,0,0,0,1,1.0,22,559,0,0,0,0,,
doc_0251,rvl_val_11764.png,train,recipient_name,"CRC CONTRACT RESEARCH CENTER avaassp.at,",early_org_line,3,0.0968,5,40,5,0,34,0.0,0.7353,1,0,0,"AAA AAAAAAAA AAAAAAAA AAAAAA aaaaaaa.aa,",0,0,0.0,0,1,0,0,1,1,0,0,0,0,0,0,0,0,0,0,0,0,0,1.0,32,1191,0,0,0,0,,
doc_0219,rvl_train_00977.png,train,recipient_name,CHECK TO: a,early_org_line,17,0.7083,3,11,3,0,8,0.0,0.875,0,0,0,AAAAA AA: a,1,0,0.0,0,0,0,0,0,1,1,0,0,0,0,0,0,0,0,0,0,0,0,1.0,25,465,0,0,0,0,,
doc_0293,rvl_train_17503.png,train,recipient_name,Moore Sign Corp. wen,early_org_line,2,0.0556,4,20,4,0,16,0.0,0.1875,1,0,0,Aaaaa Aaaa Aaaa. aaa,0,0,0.0,0,1,0,0,1,1,0,0,0,0,0,0,0,0,0,0,0,0,1,1.0,37,788,0,0,0,0,,
doc_0293,rvl_train_17503.png,train,recipient_name,Customer John Vaughan 3==aaaaes,early_org_line,12,0.3333,4,31,4,1,25,0.0323,0.12,0,0,0,Aaaaaaaa Aaaa Aaaaaaa 0==aaaaaa,0,0,0.0323,0,0,0,0,0,1,0,0,0,0,0,0,0,0,0,0,0,0,1,1.0,37,788,0,0,0,0,,
doc_0270,rvl_train_23088.png,train,recipient_name,T to aNay,early_org_line,19,0.3585,3,9,3,0,7,0.0,0.2857,0,0,0,A aa aAaa,0,0,0.0,0,0,0,0,0,1,0,0,0,0,0,0,0,0,0,0,0,0,0,1.0,54,722,0,0,0,0,,
doc_0362,rvl_test_23617.png,train,recipient_name,"TRIANGLE PUBLICATIONS, INC.",early_org_line,0,0.0,3,27,3,0,23,0.0,1.0,1,0,0,"AAAAAAAA AAAAAAAAAAAA, AAA.",0,1,0.0,0,1,0,0,1,1,0,0,0,0,0,0,0,0,0,0,0,0,1,1.0,23,504,0,0,0,0,,
doc_0362,rvl_test_23617.png,train,recipient_name,LORTLLARD MEDIA SERVICES,early_org_line,6,0.2727,3,24,3,0,22,0.0,1.0,1,0,0,AAAAAAAAA AAAAA AAAAAAAA,0,1,0.0,0,1,0,0,1,1,0,0,0,0,0,0,0,0,0,0,0,0,1,1.0,23,504,0,0,0,0,,
doc_0373,rvl_train_05183.png,train,recipient_name,Miller Brewing Company,early_org_line,0,0.0,3,22,3,0,20,0.0,0.15,1,0,0,Aaaaaa Aaaaaaa Aaaaaaa,0,0,0.0,0,1,0,0,1,1,0,0,1,0,0,0,0,0,1,1,0,1,3,1.0,14,356,0,0,0,0,,
doc_0373,rvl_train_05183.png,train,recipient_name,Loss Control Services,early_org_line,4,0.3077,3,21,3,0,19,0.0,0.1579,1,0,0,Aaaa Aaaaaaa Aaaaaaaa,0,0,0.0,0,1,0,0,1,1,0,0,0,0,0,0,0,0,0,0,0,0,3,1.0,14,356,0,0,0,0,,
doc_0373,rvl_train_05183.png,train,recipient_name,Details for Environmental Services,early_org_line,6,0.4615,4,34,4,0,31,0.0,0.0968,1,0,0,Aaaaaaa aaa Aaaaaaaaaaaaa Aaaaaaaa,0,0,0.0,0,1,0,0,1,1,0,0,0,0,0,0,0,0,0,0,0,0,3,1.0,14,356,0,0,0,0,,
doc_0393,rvl_train_05294.png,train,recipient_name,FOR:,after_label,1,0.0526,1,4,1,0,3,0.0,1.0,0,0,0,AAA:,1,1,0.0,0,0,0,0,1,1,0,0,0,0,0,0,0,0,0,0,0,0,1,1.0,20,513,0,0,0,0,,
doc_0393,rvl_train_05294.png,train,recipient_name,‘A&G Research ... committed to achieving shared visions,early_org_line,18,0.9474,8,55,8,0,43,0.0,0.0698,1,0,0,‘A&A Aaaaaaaa ... aaaaaaaaa aa aaaaaaaaa,0,0,0.0,0,1,0,0,0,1,1,1,0,0,0,0,0,0,0,0,0,0,1,1.0,20,513,0,0,0,0,,
doc_0309,rvl_train_07506.png,train,recipient_name,"THE GREAT ATLANTIC & PACIFIC TEA COMPANY, ING: .",early_org_line,2,0.1667,9,48,9,0,36,0.0,1.0,1,0,0,AAA AAAAA AAAAAAAA & AAAAAAA AAA AAAAAAA,1,1,0.0,0,1,0,0,1,1,0,0,1,0,0,0,0,0,0,0,0,0,1,1.0,13,271,0,0,0,0,,
doc_0309,rvl_train_07506.png,train,recipient_name,soi To,early_org_line,5,0.4167,2,6,2,0,5,0.0,0.2,0,0,0,aaa Aa,0,0,0.0,0,0,0,0,1,1,0,0,0,0,0,0,0,0,0,0,0,0,1,1.0,13,271,0,0,0,0,,
doc_0217,rvl_val_01042.png,train,recipient_name,"5, Ot",after_label,12,0.4444,2,5,2,1,2,0.2,0.5,0,0,0,"0, Aa",0,0,0.2,0,0,0,0,0,1,0,0,0,0,0,0,0,1,0,0,1,0,2,1.0,28,654,0,0,0,0,,
doc_0217,rvl_val_01042.png,train,recipient_name,"LABORATORIES, INC.",early_org_line,1,0.037,2,18,2,0,15,0.0,1.0,1,0,0,"AAAAAAAAAAAA, AAA.",0,1,0.0,0,1,0,0,1,1,0,0,0,0,0,0,0,0,0,0,0,0,2,1.0,28,654,0,0,0,0,,
doc_0217,rvl_val_01042.png,train,recipient_name,"Borriston Laboratories, Ine",early_org_line,2,0.0741,3,27,3,0,24,0.0,0.125,1,0,0,"Aaaaaaaaa Aaaaaaaaaaaa, Aaa",0,0,0.0,0,1,0,0,1,1,0,0,0,0,0,0,0,0,0,0,0,0,2,1.0,28,654,0,0,0,0,,
doc_0217,rvl_val_01042.png,train,recipient_name,LORILLARD INC.,early_org_line,8,0.2963,2,14,2,0,12,0.0,1.0,1,0,0,AAAAAAAAA AAA.,0,1,0.0,0,1,0,0,1,1,0,0,0,0,0,0,0,0,0,0,0,0,2,1.0,28,654,0,0,0,0,,
doc_0217,rvl_val_01042.png,train,recipient_name,"Borriston Laboratories, Inc.",early_org_line,21,0.7778,3,28,3,0,24,0.0,0.125,1,0,0,"Aaaaaaaaa Aaaaaaaaaaaa, Aaa.",0,0,0.0,0,1,0,0,0,0,1,1,0,0,0,0,0,0,0,0,0,0,2,1.0,28,654,0,0,0,0,,
doc_0217,rvl_val_01042.png,train,recipient_name,. - Attention: Dr. Harry Minnemeyer,attention_line,11,0.4074,6,35,6,0,26,0.0,0.1538,0,1,0,. - Aaaaaaaaa: Aa. Aaaaa Aaaaaaaaaa,1,0,0.0,0,0,1,0,0,1,0,0,0,0,0,0,0,1,0,0,0,0,2,1.0,28,654,0,1,1,0,,
doc_0246,rvl_train_11030.png,train,recipient_name,"""Tobacco Company",early_org_line,1,0.0385,2,16,2,0,14,0.0,0.1429,1,0,0,"""Aaaaaaa Aaaaaaa",0,0,0.0,0,1,0,0,1,1,0,0,0,0,0,0,0,0,0,0,0,0,0,1.0,27,1029,0,0,0,0,,
doc_0246,rvl_train_11030.png,train,recipient_name,to working with you in the coming year.,early_org_line,17,0.6538,8,39,8,0,31,0.0,0.0,0,0,0,aa aaaaaaa aaaa aaa aa aaa aaaaaa aaaa.,0,0,0.0,0,0,0,0,0,1,1,0,0,0,0,0,0,0,0,0,0,0,0,1.0,27,1029,0,0,0,0,,
doc_0314,rvl_train_08774.png,train,recipient_name,To: Lorillard,early_org_line,6,0.3158,2,13,2,0,11,0.0,0.1818,0,0,0,Aa: Aaaaaaaaa,1,0,0.0,0,0,0,0,1,1,0,0,0,0,0,0,0,0,0,0,0,0,1,1.0,20,486,0,0,0,0,,
doc_0314,rvl_train_08774.png,train,recipient_name,Research Center,early_org_line,7,0.3684,2,15,2,0,14,0.0,0.1429,1,0,0,Aaaaaaaa Aaaaaa,0,0,0.0,0,1,0,0,1,1,0,0,0,0,0,0,0,0,0,0,0,0,1,1.0,20,486,0,0,0,0,,
doc_0314,rvl_train_08774.png,train,recipient_name,L_ Attn: Dr. Connie Stone 4 j,attention_line,10,0.5263,7,29,7,1,19,0.0345,0.2632,0,1,0,A_ Aaaa: Aa. Aaaaaa Aaaaa 0 a,1,0,0.0345,0,0,1,0,0,1,1,0,0,0,0,0,0,1,0,0,0,0,1,1.0,20,486,0,1,1,0,,
doc_0392,rvl_train_17675.png,train,recipient_name,Consultant services~-Synthetic Aza-compounés--,early_org_line,4,0.4,3,46,3,0,39,0.0,0.0769,1,0,0,Aaaaaaaaaa aaaaaaaa~-Aaaaaaaaa Aaa-aaaaa,0,0,0.0,0,1,0,0,1,1,0,0,0,0,0,0,0,0,0,0,0,0,0,1.0,11,233,0,0,0,0,,
doc_0392,rvl_train_17675.png,train,recipient_name,"PLEASE RETURN CHECK To RGD NOV. 23, 1983 To NANCY",early_org_line,8,0.8,10,49,10,6,32,0.1224,0.9375,0,0,0,"AAAAAA AAAAAA AAAAA Aa AAA AAA. 00, 0000",0,0,0.1224,0,0,0,0,1,1,1,1,0,0,0,0,0,0,0,0,0,0,0,1.0,11,233,0,0,0,1,,
doc_0201,rvl_train_03649.png,train,recipient_name,PRODUCT RETURNED TO mo,early_org_line,21,0.913,4,22,4,0,19,0.0,0.8947,0,0,0,AAAAAAA AAAAAAAA AA aa,0,0,0.0,0,0,0,0,0,0,1,1,0,0,0,0,0,0,0,0,0,0,0,1.0,24,735,0,0,0,0,,
doc_0209,rvl_train_03359.png,train,recipient_name,Return to N. Peters ©,early_org_line,3,0.6,5,21,5,0,15,0.0,0.2,0,0,0,Aaaaaa aa A. Aaaaaa ©,0,0,0.0,0,0,0,0,1,1,1,0,0,0,0,0,0,0,0,0,0,0,0,1.0,6,86,0,0,0,0,,
doc_0209,rvl_train_03359.png,train,recipient_name,Return to T. S. Osdene,early_org_line,4,0.8,5,22,5,0,16,0.0,0.25,0,0,0,Aaaaaa aa A. A. Aaaaaa,0,0,0.0,0,0,0,0,1,1,1,1,0,0,0,0,0,0,0,0,0,0,0,1.0,6,86,0,0,0,0,,
doc_0335,rvl_val_19122.png,train,recipient_name,805 THIRD AVENUE 5,after_label,13,0.52,4,18,4,4,11,0.2222,1.0,0,1,0,000 AAAAA AAAAAA 0,0,1,0.2222,0,0,1,0,0,1,1,0,0,0,0,0,0,1,0,0,0,0,1,1.0,26,386,0,0,1,0,,
doc_0335,rvl_val_19122.png,train,recipient_name,NEW YORK» NY 10022 °,after_label,14,0.56,5,20,5,5,9,0.25,1.0,0,0,0,AAA AAAA» AA 00000 °,0,1,0.25,0,0,0,0,0,1,1,0,0,0,0,0,0,0,0,0,0,0,1,1.0,26,386,0,0,0,1,,
doc_0335,rvl_val_19122.png,train,recipient_name,pt sD,after_label,15,0.6,2,5,2,0,4,0.0,0.25,0,0,0,aa aA,0,0,0.0,0,0,0,0,0,1,1,0,0,0,0,0,0,0,0,0,0,0,1,1.0,26,386,0,0,0,0,,
doc_0335,rvl_val_19122.png,train,recipient_name,"""PAGE 4/C APRIL ISSUE .",after_label,16,0.64,5,23,5,1,15,0.0435,1.0,0,0,0,"""AAAA 0/A AAAAA AAAAA .",0,1,0.0435,0,0,0,0,0,1,1,0,0,0,0,0,0,0,0,0,0,0,1,1.0,26,386,0,0,0,0,,
doc_0335,rvl_val_19122.png,train,recipient_name,cusToMeR No. DAWOI0,early_org_line,8,0.32,3,19,3,1,15,0.0526,0.6,0,0,0,aaaAaAaA Aa. AAAAA0,0,0,0.0526,0,0,0,0,1,1,0,0,0,0,0,0,0,0,0,0,0,0,1,1.0,26,386,0,0,0,0,,
doc_0335,rvl_val_19122.png,train,recipient_name,ALLY GARGANG INC.,early_org_line,11,0.44,3,17,3,0,14,0.0,1.0,1,0,0,AAAA AAAAAAA AAA.,0,1,0.0,0,1,0,0,0,1,0,0,0,0,0,0,0,1,0,0,0,0,1,1.0,26,386,0,0,0,0,,
doc_0335,rvl_val_19122.png,train,recipient_name,"ATTN: MAUREEN CLEMENS,",attention_line,12,0.48,3,22,3,0,18,0.0,1.0,0,0,0,"AAAA: AAAAAAA AAAAAAA,",1,1,0.0,0,0,0,0,0,1,0,0,0,0,0,0,0,1,0,0,0,0,1,1.0,26,386,0,1,0,0,,
doc_0378,rvl_train_23583.png,train,recipient_name,CANDY COMPANY  wioesse,early_org_line,1,0.0556,3,22,3,0,19,0.0,0.6316,1,0,0,AAAAA AAAAAAA  aaaaaaa,0,0,0.0,0,1,0,0,1,1,0,0,0,0,0,0,0,0,0,0,0,0,0,1.0,19,294,0,0,0,0,,
doc_0306,rvl_train_10627.png,train,recipient_name,"toe HILLER TRAVEL SERVICE, INC.",early_org_line,1,0.0625,5,31,5,0,25,0.0,0.88,1,0,0,"aaa AAAAAA AAAAAA AAAAAAA, AAA.",0,0,0.0,0,1,0,0,1,1,0,0,1,0,0,0,0,0,0,0,0,0,1,1.0,17,518,0,0,0,0,,
doc_0275,rvl_train_09483.png,train,recipient_name,Payee:__Tairtron Corporation EXPLANATIONOF PAYMENT,early_org_line,3,0.0909,4,50,4,0,44,0.0,0.5227,1,0,1,Aaaaa:__Aaaaaaaa Aaaaaaaaaaa AAAAAAAAAAA,1,0,0.0,0,1,0,1,1,1,0,0,0,0,0,0,0,0,0,0,0,0,2,1.0,34,1023,0,0,0,0,,
doc_0275,rvl_train_09483.png,train,recipient_name,RETURN TO NAME: __Liz Marx CODE:,early_org_line,10,0.303,6,32,6,0,23,0.0,0.7826,0,0,0,AAAAAA AA AAAA: __Aaa Aaaa AAAA:,1,0,0.0,0,0,0,0,0,1,0,0,1,0,0,0,0,0,0,0,0,1,2,1.0,34,1023,0,0,0,0,,
doc_0369,rvl_train_08744.png,train,recipient_name,CRC contaract RESEARCH CENT fo suhag G2a4,early_org_line,2,0.069,7,41,7,2,33,0.0488,0.4848,1,0,0,AAA aaaaaaaaa AAAAAAAA AAAA aa aaaaa A0a,0,0,0.0488,0,1,0,0,1,1,0,0,0,0,0,0,0,0,0,0,0,0,0,1.0,30,878,0,0,0,0,,
doc_0242,rvl_val_05095.png,train,recipient_name,cere To ELECT sDOKr BENEPIELD > WM,early_org_line,3,0.375,7,34,7,0,27,0.0,0.7407,0,0,0,aaaa Aa AAAAA aAAAa AAAAAAAAA > AA,0,0,0.0,0,0,0,0,1,1,0,0,0,0,0,0,0,0,0,0,0,0,0,0.75,9,202,0,0,0,0,,
doc_0281,rvl_train_11955.png,train,recipient_name,PAGE: 1,after_label,13,0.3824,2,7,2,1,4,0.1429,1.0,0,0,0,AAAA: 0,1,1,0.1429,0,0,0,0,0,1,0,0,0,0,0,0,0,0,0,0,0,0,2,1.0,35,649,0,0,0,0,,
doc_0281,rvl_train_11955.png,train,recipient_name,CUSTOMER NO: PO02AD,early_org_line,3,0.0882,3,19,3,2,14,0.1053,1.0,0,0,0,AAAAAAAA AA: AA00AA,1,1,0.1053,0,0,0,0,1,1,0,0,0,0,0,0,0,0,0,0,0,0,2,1.0,35,649,0,0,0,0,,
doc_0281,rvl_train_11955.png,train,recipient_name,"®| PHILLIP MORRIS USA, ‘Make checks payable to:",early_org_line,8,0.2353,8,47,8,0,35,0.0,0.4857,0,0,0,"®| AAAAAAA AAAAAA AAA, ‘Aaaa aaaaaa aaaa",1,0,0.0,0,0,0,0,1,1,0,0,0,0,0,0,0,0,0,0,0,0,2,1.0,35,649,0,0,0,0,,
doc_0337,rvl_train_14039.png,train,recipient_name,IAKE CHECKS PAYABLE TO: ‘SPORTS ILLUSTRATED AND MAIL TO: INDICATED.,early_org_line,3,0.1034,10,67,10,0,54,0.0,1.0,0,0,0,AAAA AAAAAA AAAAAAA AA: ‘AAAAAA AAAAAAAA,1,1,0.0,0,0,0,0,1,1,0,0,0,0,0,0,0,0,0,0,0,0,2,1.0,30,946,0,0,0,0,,
doc_0337,rvl_train_14039.png,train,recipient_name,PARENT LOEW'S CORPORATION emus 2% 1004s,early_org_line,12,0.4138,6,39,6,5,27,0.1282,0.8148,1,0,0,AAAAAA AAAA'A AAAAAAAAAAA aaaa 0% 0000a,0,0,0.1282,0,1,0,0,0,1,0,0,0,0,0,0,0,0,0,0,0,0,2,1.0,30,946,0,0,0,1,,
doc_0256,rvl_train_15055.png,train,recipient_name,Marketing Controller,after_label,8,0.3636,2,20,2,0,19,0.0,0.1053,0,0,0,Aaaaaaaaa Aaaaaaaaaa,0,0,0.0,0,0,0,0,1,1,0,0,0,0,0,0,0,1,0,0,0,0,2,1.0,23,669,0,0,0,0,,
doc_0256,rvl_train_15055.png,train,recipient_name,"If ROWLAND COMPANY, INC,",early_org_line,0,0.0,4,24,4,0,19,0.0,0.9474,1,0,0,"Aa AAAAAAA AAAAAAA, AAA,",0,0,0.0,0,1,0,0,1,1,0,0,0,0,0,0,0,0,0,0,0,0,2,1.0,23,669,0,0,0,0,,
doc_0256,rvl_train_15055.png,train,recipient_name,"Anevican Tobacco Company January 27, 1986",early_org_line,3,0.1364,6,41,6,6,29,0.1463,0.1379,1,0,0,"Aaaaaaaa Aaaaaaa Aaaaaaa Aaaaaaa 00, 000",0,0,0.1463,0,1,0,0,1,1,0,0,0,0,0,0,0,0,0,0,0,0,2,1.0,23,669,0,0,0,1,,
doc_0256,rvl_train_15055.png,train,recipient_name,Attention: Mr. Willian Stevenson,attention_line,7,0.3182,4,32,4,0,27,0.0,0.1481,0,0,0,Aaaaaaaaa: Aa. Aaaaaaa Aaaaaaaaa,1,0,0.0,0,0,0,0,1,1,0,0,0,0,0,0,0,1,0,0,0,0,2,1.0,23,669,0,1,0,0,,
doc_0336,rvl_train_13088.png,train,recipient_name,"HBI Healthy Buildings Intemational. inc. Faia, VA nao",early_org_line,1,0.0556,8,53,8,0,43,0.0,0.2093,1,0,0,AAA Aaaaaaa Aaaaaaaaa Aaaaaaaaaaaa. aaa.,0,0,0.0,0,1,0,0,1,1,0,0,0,0,0,0,0,0,0,0,0,0,2,1.0,19,519,0,0,0,0,,
doc_0336,rvl_train_13088.png,train,recipient_name,To the PR Agency fees (Video Ingenieria y Arquitectura -,early_org_line,10,0.5556,10,56,10,0,45,0.0,0.1556,0,0,0,Aa aaa AA Aaaaaa aaaa (Aaaaa Aaaaaaaaaa ,0,0,0.0,0,0,0,0,0,1,1,0,1,0,0,0,0,0,0,0,0,0,2,1.0,19,519,0,0,0,0,,
doc_0231,rvl_train_07224.png,train,recipient_name,TOBACCO CORPORATION,early_org_line,2,0.0769,2,19,2,0,18,0.0,1.0,1,0,0,AAAAAAA AAAAAAAAAAA,0,1,0.0,0,1,0,0,1,1,0,0,0,0,0,0,0,0,0,0,0,0,0,1.0,27,592,0,0,0,0,,
doc_0231,rvl_train_07224.png,train,recipient_name,PEASE MAIL REMITTANCE TO: a ae se Kea gypeare,early_org_line,4,0.1538,9,45,9,0,36,0.0,0.6111,0,0,0,AAAAA AAAA AAAAAAAAAA AA: a aa aa Aaa aa,1,0,0.0,0,0,0,0,1,1,0,0,0,0,0,0,0,0,0,0,0,0,0,1.0,27,592,0,0,0,0,,
doc_0231,rvl_train_07224.png,train,recipient_name,BROWN & WILLIAMSON TOBACCO CORP. ko,early_org_line,5,0.1923,6,35,6,0,28,0.0,0.9286,1,0,0,AAAAA & AAAAAAAAAA AAAAAAA AAAA. aa,0,0,0.0,0,1,0,0,1,1,0,0,0,0,0,0,0,0,0,0,0,0,0,1.0,27,592,0,0,0,0,,
doc_0332,rvl_train_17662.png,train,recipient_name,"GREENSBORO, NC",after_label,11,0.3143,2,14,2,0,12,0.0,1.0,0,0,0,"AAAAAAAAAA, AA",0,1,0.0,0,0,0,0,0,1,0,0,0,0,0,0,0,1,0,0,0,0,3,1.0,36,883,0,0,0,0,,
doc_0332,rvl_train_17662.png,train,recipient_name,27420 |,after_label,12,0.3429,2,7,2,5,0,0.7143,0.0,0,0,0,00000 |,0,0,0.7143,0,0,0,0,0,1,0,0,0,0,0,0,0,0,0,0,0,0,3,1.0,36,883,0,0,0,1,,
doc_0332,rvl_train_17662.png,train,recipient_name,4 PLEASE REFER TO se,early_org_line,0,0.0,5,20,5,1,15,0.05,0.8667,0,0,0,0 AAAAAA AAAAA AA aa,0,0,0.05,0,0,0,0,1,1,0,0,0,0,0,0,0,0,0,0,0,0,3,1.0,36,883,0,0,0,0,,
doc_0332,rvl_train_17662.png,train,recipient_name,"ASSOCIATES ROCKVILLE, MD 20850 s 2",early_org_line,3,0.0857,6,34,6,6,22,0.1765,0.9545,1,0,0,"AAAAAAAAAA AAAAAAAAA, AA 00000 a 0",0,0,0.1765,0,1,0,0,1,1,0,0,0,0,0,0,0,0,0,0,0,0,3,1.0,36,883,0,0,0,1,,
doc_0332,rvl_train_17662.png,train,recipient_name,LORILLARD RESEARCH CENTER 3i7tore,early_org_line,7,0.2,4,33,4,2,28,0.0606,0.8214,1,0,0,AAAAAAAAA AAAAAAAA AAAAAA 0a0aaaa,0,0,0.0606,0,1,0,0,1,1,0,0,0,0,0,0,0,0,0,0,0,0,3,1.0,36,883,0,0,0,0,,
doc_0332,rvl_train_17662.png,train,recipient_name,ATTN: OR. DAN HECK,attention_line,10,0.2857,4,18,4,0,13,0.0,1.0,0,0,0,AAAA: AA. AAA AAAA,1,1,0.0,0,0,0,0,0,1,0,0,0,0,0,0,0,1,0,0,0,0,3,1.0,36,883,0,1,0,0,,
doc_0253,rvl_val_01424.png,train,recipient_name,PLEASE REMIT TO: i,early_org_line,0,0.0,4,18,4,0,14,0.0,0.9286,0,0,1,AAAAAA AAAAA AA: a,1,0,0.0,0,0,0,1,1,1,0,0,0,0,0,0,0,0,0,0,0,0,3,1.0,22,481,0,0,0,0,,
doc_0253,rvl_val_01424.png,train,recipient_name,CUSTOMER COPY AMOUNT DUE,early_org_line,21,1.0,4,24,4,0,21,0.0,1.0,0,0,1,AAAAAAAA AAAA AAAAAA AAA,0,1,0.0,0,0,0,1,0,0,1,1,1,0,0,0,0,0,0,1,0,1,3,1.0,22,481,0,0,0,0,,
doc_0229,rvl_train_17857.png,train,recipient_name,"Operations Center,",early_org_line,7,0.2917,2,18,2,0,16,0.0,0.125,1,0,0,"Aaaaaaaaaa Aaaaaa,",0,0,0.0,0,1,0,0,1,1,0,0,0,0,0,0,0,0,0,0,0,0,0,1.0,25,666,0,0,0,0,,
doc_0299,rvl_val_15148.png,train,recipient_name,Referenc,after_label,8,0.2162,1,8,1,0,8,0.0,0.125,0,0,0,Aaaaaaaa,0,0,0.0,0,0,0,0,1,1,0,0,0,0,0,0,0,1,0,0,0,0,1,1.0,38,619,0,0,0,0,,
doc_0299,rvl_val_15148.png,train,recipient_name,BRL Ref.,after_label,9,0.2432,2,8,2,0,6,0.0,0.6667,0,0,0,AAA Aaa.,0,0,0.0,0,0,0,0,1,1,0,0,1,0,0,0,0,0,0,0,0,0,1,1.0,38,619,0,0,0,0,,
doc_0299,rvl_val_15148.png,train,recipient_name,"RESEARCH LABORATORIES, INC.",early_org_line,1,0.027,3,27,3,0,23,0.0,1.0,1,0,0,"AAAAAAAA AAAAAAAAAAAA, AAA.",0,1,0.0,0,1,0,0,1,1,0,0,1,0,0,0,0,0,0,0,0,0,1,1.0,38,619,0,0,0,0,,
doc_0299,rvl_val_15148.png,train,recipient_name,Attn: Dt,attention_line,7,0.1892,2,8,2,0,6,0.0,0.3333,0,0,0,Aaaa: Aa,1,0,0.0,0,0,0,0,1,1,0,0,0,0,0,0,0,1,0,0,0,0,1,1.0,38,619,0,1,0,0,,
doc_0299,rvl_val_15148.png,train,recipient_name,Attn: B. Bellford,attention_line,29,0.7838,3,17,3,0,13,0.0,0.2308,0,0,0,Aaaa: A. Aaaaaaaa,1,0,0.0,0,0,0,0,0,0,1,1,1,0,0,0,0,1,0,0,0,0,1,1.0,38,619,0,1,0,0,,
doc_0245,rvl_train_03350.png,train,recipient_name,WIT RESEARCH INSTITUTE,early_org_line,2,0.1176,3,22,3,0,20,0.0,1.0,1,0,0,AAA AAAAAAAA AAAAAAAAA,0,1,0.0,0,1,0,0,1,1,0,0,0,0,0,0,0,0,0,0,0,0,2,1.0,18,330,0,0,0,0,,
doc_0245,rvl_train_03350.png,train,recipient_name,GREENSEORO ne 27405 PLEASE REFER TO OUR INVOICE NUMBER,early_org_line,6,0.3529,9,54,9,5,41,0.0926,0.9512,0,0,1,AAAAAAAAAA aa 00000 AAAAAA AAAAA AA AAA ,0,0,0.0926,0,0,0,1,1,1,0,0,1,1,0,0,0,0,0,0,0,0,2,1.0,18,330,0,0,0,1,,
doc_0354,rvl_train_19544.png,train,recipient_name,_. Little Yeldham,after_label,15,0.283,3,17,3,0,13,0.0,0.1538,0,0,0,_. Aaaaaa Aaaaaaa,0,0,0.0,0,0,0,0,0,1,0,0,0,0,0,0,0,0,0,0,0,0,1,1.0,54,1456,0,0,0,0,,
doc_0354,rvl_train_19544.png,train,recipient_name,"Halstead, Essex CO9 4 LQ",after_label,16,0.3019,5,24,5,2,17,0.0833,0.3529,0,0,0,"Aaaaaaaa, Aaaaa AA0 0 AA",0,0,0.0833,0,0,0,0,0,1,0,0,0,0,0,0,0,0,0,0,0,0,1,1.0,54,1456,0,0,0,0,,
doc_0354,rvl_train_19544.png,train,recipient_name,Inezeleten =,after_label,17,0.3208,2,12,2,0,10,0.0,0.1,0,0,0,Aaaaaaaaaa =,0,0,0.0,0,0,0,0,0,1,0,0,0,0,0,0,0,0,0,0,0,0,1,1.0,54,1456,0,0,0,0,,
doc_0354,rvl_train_19544.png,train,recipient_name,England IeSeneisen =,after_label,18,0.3396,3,20,3,0,17,0.0,0.1765,0,0,0,Aaaaaaa AaAaaaaaaa =,0,0,0.0,0,0,0,0,0,1,0,0,0,0,0,0,0,0,0,0,0,0,1,1.0,54,1456,0,0,0,0,,
doc_0354,rvl_train_19544.png,train,recipient_name,Attn. Dr. P. 8. Povers e222 ss,attention_line,13,0.2453,7,30,7,4,16,0.1333,0.25,0,1,0,Aaaa. Aa. A. 0. Aaaaaa a000 aa,0,0,0.1333,0,0,1,0,0,1,0,0,0,0,0,0,0,1,0,0,0,0,1,1.0,54,1456,0,1,1,0,,
doc_0274,rvl_train_02615.png,train,recipient_name,LORILLARD MEDTA seRvIces Frorasres) | s003736,early_org_line,5,0.2778,6,45,6,6,32,0.1333,0.5312,1,0,0,AAAAAAAAA AAAAA aaAaAaaa Aaaaaaaaa) | a0,0,0,0.1333,0,1,0,0,1,1,0,0,0,0,0,0,0,0,0,0,0,0,0,1.0,19,366,0,0,0,1,,
doc_0333,rvl_test_24479.png,train,recipient_name,"AYRETT, FREE. ,GINSBERG, INC. INVOICE DATE",early_org_line,1,0.0625,6,42,6,0,32,0.0,1.0,1,0,1,"AAAAAA, AAAA. ,AAAAAAAA, AAA. AAAAAAA AA",0,1,0.0,0,1,0,1,1,1,0,0,1,0,0,0,0,0,0,0,0,1,2,1.0,17,349,0,0,0,0,,
doc_0333,rvl_test_24479.png,train,recipient_name,YEAR-TO-DATE BILLINGS? oniaINAL,early_org_line,15,0.9375,3,31,3,0,26,0.0,0.8462,0,0,1,AAAA-AA-AAAA AAAAAAAA? aaaaAAAA,0,0,0.0,0,0,0,1,0,1,1,1,0,0,0,0,0,0,0,0,0,0,2,1.0,17,349,0,0,0,0,,
doc_0226,rvl_val_06516.png,train,recipient_name,LORILLARD MEDIA SERVICES,after_label,5,0.1852,3,24,3,0,22,0.0,1.0,1,0,0,AAAAAAAAA AAAAA AAAAAAAA,0,1,0.0,0,1,0,0,1,1,0,0,0,0,0,0,0,0,0,0,0,0,1,1.0,28,517,0,0,0,0,,
doc_0226,rvl_val_06516.png,train,recipient_name,i 666 STH AVENUE:,after_label,6,0.2222,4,17,4,3,10,0.1765,0.9,0,1,0,a 000 AAA AAAAAA:,1,0,0.1765,0,0,1,0,1,1,0,0,0,0,0,0,0,1,0,0,0,0,1,1.0,28,517,0,0,1,0,,
doc_0226,rvl_val_06516.png,train,recipient_name,ATTN: BETTY EPPERSON,after_label,7,0.2593,3,20,3,0,17,0.0,1.0,0,0,0,AAAA: AAAAA AAAAAAAA,1,1,0.0,0,0,0,0,1,1,0,0,0,0,0,0,0,1,0,0,0,0,1,1.0,28,517,0,1,0,0,,
doc_0226,rvl_val_06516.png,train,recipient_name,CENTURY PUBLISHING COMPANY,early_org_line,0,0.0,3,26,3,0,24,0.0,1.0,1,0,0,AAAAAAA AAAAAAAAAA AAAAAAA,0,1,0.0,0,1,0,0,1,1,0,0,0,0,0,0,0,0,0,0,0,0,1,1.0,28,517,0,0,0,0,,
doc_0305,rvl_train_22434.png,train,recipient_name,"Ehrhart-Babic Associates, Inc.",early_org_line,0,0.0,3,30,3,0,25,0.0,0.16,1,0,0,"Aaaaaaa-Aaaaa Aaaaaaaaaa, Aaa.",0,0,0.0,0,1,0,0,1,1,0,0,0,0,0,0,0,0,0,0,0,0,0,1.0,17,455,0,0,0,0,,
doc_0305,rvl_train_22434.png,train,recipient_name,A Member of the Ehrhare-Bable Group,early_org_line,1,0.0625,6,35,6,0,29,0.0,0.1724,1,0,0,A Aaaaaa aa aaa Aaaaaaa-Aaaaa Aaaaa,0,0,0.0,0,1,0,0,1,1,0,0,0,0,0,0,0,0,0,0,0,0,0,1.0,17,455,0,0,0,0,,
doc_0374,rvl_train_03656.png,train,recipient_name,"SHOOSMITH BROS.,INC.",early_org_line,2,0.0426,2,20,2,0,16,0.0,1.0,1,0,0,"AAAAAAAAA AAAA.,AAA.",0,1,0.0,0,1,0,0,1,1,0,0,0,0,0,0,0,0,0,0,0,0,2,1.0,48,894,0,0,0,0,,
doc_0359,rvl_train_15338.png,train,recipient_name,MANAGEMENT CORPORATION,early_org_line,1,0.0169,2,22,2,0,21,0.0,1.0,1,0,0,AAAAAAAAAA AAAAAAAAAAA,0,1,0.0,0,1,0,0,1,1,0,0,0,0,0,0,0,0,0,0,0,0,-1,1.0,60,1178,0,0,0,0,,
doc_0359,rvl_train_15338.png,train,recipient_name,"RETURN TO: NAM: DEPAATHENT | BUILDING/FLOOR|PHONE EXT,",early_org_line,18,0.3051,7,54,7,0,42,0.0,1.0,0,1,0,AAAAAA AA: AAA: AAAAAAAAAA | AAAAAAAA/AA,1,1,0.0,0,0,1,0,0,1,0,0,0,0,0,0,0,0,0,0,0,0,-1,1.0,60,1178,0,0,1,0,,
doc_0211,rvl_train_24271.png,train,recipient_name,- BROWN & WILLIAMSON TOBACCO CORPORATION,early_org_line,1,0.037,6,40,6,0,33,0.0,1.0,1,0,0,- AAAAA & AAAAAAAAAA AAAAAAA AAAAAAAAAAA,0,1,0.0,0,1,0,0,1,1,0,0,0,0,0,0,0,0,0,0,0,0,0,1.0,28,541,0,0,0,0,,
doc_0338,rvl_train_11862.png,train,recipient_name,NIELSEN FOOD INDEX SERVICE ON CIGARETTES,after_label,7,0.25,6,40,6,0,35,0.0,1.0,1,0,0,AAAAAAA AAAA AAAAA AAAAAAA AA AAAAAAAAAA,0,1,0.0,0,1,0,0,1,1,0,0,0,0,0,0,0,0,0,0,0,1,0,1.0,29,644,0,0,0,0,,
doc_0338,rvl_train_11862.png,train,recipient_name,Credit due for monthly report,after_label,8,0.2857,5,29,5,0,25,0.0,0.04,0,0,0,Aaaaaa aaa aaa aaaaaaa aaaaaa,0,0,0.0,0,0,0,0,1,1,0,0,0,0,0,0,0,0,0,0,0,1,0,1.0,29,644,0,0,0,0,,
doc_0338,rvl_train_11862.png,train,recipient_name,"Philip Morris, Inc.",early_org_line,2,0.0714,3,19,3,0,15,0.0,0.2,1,0,0,"Aaaaaa Aaaaaa, Aaa.",0,0,0.0,0,1,0,0,1,1,0,0,0,0,0,0,0,0,0,0,0,0,0,1.0,29,644,0,0,0,0,,
doc_0338,rvl_train_11862.png,train,recipient_name,Less 10% Simultaneous Service 0 3,early_org_line,12,0.4286,6,33,6,4,23,0.1212,0.1304,1,0,0,Aaaa 00% Aaaaaaaaaaaa Aaaaaaa 0 0,0,0,0.1212,0,1,0,0,0,1,0,0,0,0,0,0,0,0,0,0,0,0,0,1.0,29,644,0,0,0,0,,
doc_0221,rvl_val_07165.png,train,recipient_name,RJ. Reynolds Tobacco Company,early_org_line,2,0.1111,4,28,4,0,24,0.0,0.2083,1,0,0,AA. Aaaaaaaa Aaaaaaa Aaaaaaa,0,0,0.0,0,1,0,0,1,1,0,0,0,0,0,0,0,0,0,0,0,0,0,1.0,19,296,0,0,0,0,,
doc_0317,rvl_train_23525.png,train,recipient_name,THE TOBACCO INSTITUTE,early_org_line,0,0.0,3,21,3,0,19,0.0,1.0,1,0,0,AAA AAAAAAA AAAAAAAAA,0,1,0.0,0,1,0,0,1,1,0,0,0,0,0,0,0,0,0,0,0,0,-1,1.0,12,364,0,0,0,0,,
doc_0317,rvl_train_23525.png,train,recipient_name,cost center | accouws | gop cost,early_org_line,5,0.4545,7,32,7,0,24,0.0,0.0,1,0,0,aaaa aaaaaa | aaaaaaa | aaa aaaa,0,0,0.0,0,1,0,0,1,1,0,0,0,0,0,0,0,0,0,0,0,0,-1,1.0,12,364,0,0,0,0,,
doc_0317,rvl_train_23525.png,train,recipient_name,Mail check to vendor: Return check to:_A 4,early_org_line,9,0.8182,8,42,8,1,31,0.0238,0.0968,0,0,0,Aaaa aaaaa aa aaaaaa: Aaaaaa aaaaa aa:_A,1,0,0.0238,0,0,0,0,1,1,1,1,0,0,0,0,0,0,0,0,0,0,-1,1.0,12,364,0,0,0,0,,
doc_0317,rvl_train_23525.png,train,recipient_name,Specify date the check is to be mailed:,early_org_line,10,0.9091,8,39,8,0,31,0.0,0.0323,0,0,1,Aaaaaaa aaaa aaa aaaaa aa aa aa aaaaaa:,1,0,0.0,0,0,0,1,0,1,1,1,0,0,0,0,0,0,0,0,0,0,-1,1.0,12,364,0,0,0,0,,
doc_0398,rvl_train_16011.png,train,recipient_name,Client Re de,early_org_line,4,0.1905,3,12,3,0,10,0.0,0.2,0,0,0,Aaaaaa Aa aa,0,0,0.0,0,0,0,0,1,1,0,0,0,0,0,0,0,0,0,0,0,0,0,1.0,22,384,0,0,0,0,,
doc_0375,rvl_train_23662.png,train,recipient_name,) BE MADE PAYABLE TO “HNTVERSITY,early_org_line,8,0.7273,6,32,6,0,25,0.0,1.0,0,0,0,) AA AAAA AAAAAAA AA “AAAAAAAAAA,0,1,0.0,0,0,0,0,1,1,1,0,0,0,0,0,0,0,1,0,0,0,0,1.0,12,339,0,0,0,0,,
doc_0315,rvl_train_06914.png,train,recipient_name,Philip Morris USA,after_label,5,0.3125,3,17,3,0,15,0.0,0.3333,0,0,0,Aaaaaa Aaaaaa AAA,0,0,0.0,0,0,0,0,1,1,0,0,0,0,0,1,0,0,0,0,0,0,1,1.0,17,317,0,0,0,0,,
doc_0315,rvl_train_06914.png,train,recipient_name,120 Park Avenue,after_label,6,0.375,3,15,3,3,10,0.2,0.2,0,1,0,000 Aaaa Aaaaaa,0,0,0.2,0,0,1,0,1,1,0,0,0,0,0,0,0,0,0,0,0,0,1,1.0,17,317,0,0,1,0,,
doc_0315,rvl_train_06914.png,train,recipient_name,"New York, NY 10017",after_label,7,0.4375,4,18,4,5,9,0.2778,0.4444,0,0,0,"Aaa Aaaa, AA 00000",0,0,0.2778,0,0,0,0,1,1,0,0,0,0,0,0,0,1,0,0,0,0,1,1.0,17,317,0,0,0,1,,
doc_0315,rvl_train_06914.png,train,recipient_name,Attn: Mr. Jose Fontanez,after_label,8,0.5,4,23,4,0,18,0.0,0.2222,0,0,0,Aaaa: Aa. Aaaa Aaaaaaaa,1,0,0.0,0,0,0,0,1,1,1,0,0,0,0,0,0,1,0,0,0,0,1,1.0,17,317,0,1,0,0,,
doc_0315,rvl_train_06914.png,train,recipient_name,one Haulmark Vendor Trailer,after_label,9,0.5625,4,27,4,0,24,0.0,0.125,0,0,0,aaa Aaaaaaaa Aaaaaa Aaaaaaa,0,0,0.0,0,0,0,0,1,1,1,0,0,0,0,0,0,1,0,0,0,0,1,1.0,17,317,0,0,0,0,,
doc_0315,rvl_train_06914.png,train,recipient_name,G.V.W.R. 7000 LBS,after_label,11,0.6875,3,17,3,4,7,0.2353,1.0,0,0,0,A.A.A.A. 0000 AAA,0,1,0.2353,0,0,0,0,0,1,1,0,0,0,0,0,0,0,0,0,0,0,1,1.0,17,317,0,0,0,0,,
doc_0315,rvl_train_06914.png,train,recipient_name,"Structural Display, Inc, esses wormeos wy sos",early_org_line,1,0.0625,7,45,7,0,37,0.0,0.0811,1,0,0,"Aaaaaaaaaa Aaaaaaa, Aaa, aaaaa aaaaaaa a",0,0,0.0,0,1,0,0,1,1,0,0,0,0,0,0,0,0,0,0,0,0,1,1.0,17,317,0,0,0,0,,
doc_0315,rvl_train_06914.png,train,recipient_name,Sold to:,early_org_line,4,0.25,2,8,2,0,6,0.0,0.1667,0,0,0,Aaaa aa:,1,0,0.0,0,0,0,0,1,1,0,0,0,0,0,1,0,0,0,0,0,0,1,1.0,17,317,0,0,0,0,,
doc_0207,rvl_test_07315.png,train,recipient_name,"“CRC. cowtancr, RESEARCH CENTER (BVBA/SP.AL>",early_org_line,0,0.0,5,44,5,0,33,0.0,0.7576,1,0,0,"“AAA. aaaaaaaa, AAAAAAAA AAAAAA (AAAA/AA",0,0,0.0,0,1,0,0,1,1,0,0,0,0,0,0,0,0,0,0,0,0,0,1.0,20,631,0,0,0,0,,
doc_0391,rvl_train_24986.png,train,recipient_name,120 Park Avenue,after_label,8,0.2424,3,15,3,3,10,0.2,0.2,0,1,0,000 Aaaa Aaaaaa,0,0,0.2,0,0,1,0,1,1,0,0,0,0,1,0,0,0,0,0,0,0,2,1.0,34,617,0,0,1,0,,
doc_0391,rvl_train_24986.png,train,recipient_name,‘Attn: Maria Bonaventura,after_label,10,0.303,3,24,3,0,20,0.0,0.15,0,0,0,‘Aaaa: Aaaaa Aaaaaaaaaaa,1,0,0.0,0,0,0,0,0,1,0,0,0,0,0,0,0,1,0,0,0,0,2,1.0,34,617,0,1,0,0,,
doc_0391,rvl_train_24986.png,train,recipient_name,"Applied Graphics Technologies, Inc. 06/25/99",early_org_line,2,0.0606,5,44,5,6,30,0.1364,0.1333,1,0,0,"Aaaaaaa Aaaaaaaa Aaaaaaaaaaaa, Aaa. 00/0",0,0,0.1364,0,1,0,0,1,1,0,0,0,0,0,0,0,0,0,0,0,0,2,1.0,34,617,0,0,0,1,,
doc_0391,rvl_train_24986.png,train,recipient_name,Bill To: Philip Morris,early_org_line,7,0.2121,4,22,4,0,18,0.0,0.2222,0,0,0,Aaaa Aa: Aaaaaa Aaaaaa,1,0,0.0,0,0,0,0,1,1,0,0,0,0,1,0,0,0,0,0,0,0,2,1.0,34,617,0,0,0,0,,
doc_0391,rvl_train_24986.png,train,recipient_name,Description: Digital imaging Services,early_org_line,11,0.3333,4,37,4,0,33,0.0,0.0909,1,0,0,Aaaaaaaaaaa: Aaaaaaa aaaaaaa Aaaaaaaa,1,0,0.0,0,1,0,0,0,1,0,0,0,0,0,0,0,1,0,0,0,0,2,1.0,34,617,0,0,0,0,,
doc_0345,rvl_train_24766.png,train,recipient_name,". TRIANGLE PUBLICATIONS, INC. TEAMS.",early_org_line,1,0.0476,5,36,5,0,28,0.0,1.0,1,0,0,". AAAAAAAA AAAAAAAAAAAA, AAA. AAAAA.",0,1,0.0,0,1,0,0,1,1,0,0,0,0,0,0,0,0,0,0,0,0,1,1.0,22,518,0,0,0,0,,
doc_0345,rvl_train_24766.png,train,recipient_name,LORILLARD MEDIA SERVICES 2,early_org_line,8,0.381,4,26,4,1,22,0.0385,1.0,1,0,0,AAAAAAAAA AAAAA AAAAAAAA 0,0,1,0.0385,0,1,0,0,1,1,0,0,0,0,0,0,0,0,0,0,0,0,1,1.0,22,518,0,0,0,0,,
doc_0367,rvl_train_21004.png,train,recipient_name,"‘The Council for Tobacco Research June 28, 1972",after_label,4,0.2857,8,47,8,6,32,0.1277,0.1562,1,0,0,‘Aaa Aaaaaaa aaa Aaaaaaa Aaaaaaaa Aaaa 0,0,0,0.1277,0,1,0,0,1,1,0,0,0,0,0,1,0,0,0,0,0,0,1,1.0,15,548,0,0,0,1,,
doc_0367,rvl_train_21004.png,train,recipient_name,110 East 59th Street,after_label,5,0.3571,4,20,4,5,12,0.25,0.1667,0,1,0,000 Aaaa 00aa Aaaaaa,0,0,0.25,0,0,1,0,1,1,0,0,0,0,0,0,0,0,0,0,0,0,1,1.0,15,548,0,0,1,1,,
doc_0367,rvl_train_21004.png,train,recipient_name,R.J.Reynolds Tobacco Company,early_org_line,1,0.0714,3,28,3,0,24,0.0,0.2083,1,0,0,A.A.Aaaaaaaa Aaaaaaa Aaaaaaa,0,0,0.0,0,1,0,0,1,1,0,0,0,0,0,0,0,0,0,0,0,0,1,1.0,15,548,0,0,0,0,,
doc_0367,rvl_train_21004.png,train,recipient_name,SOLD TO,early_org_line,3,0.2143,2,7,2,0,6,0.0,1.0,0,0,0,AAAA AA,0,1,0.0,0,0,0,0,1,1,0,0,0,0,0,1,0,0,0,0,0,0,1,1.0,15,548,0,0,0,0,,
doc_0395,rvl_train_17379.png,train,recipient_name,— L 4,after_label,8,0.3478,3,5,3,1,1,0.2,1.0,0,0,0,— A 0,0,1,0.2,0,0,0,0,1,1,0,0,1,0,0,0,0,1,0,0,0,0,3,1.0,24,538,0,0,0,0,,
doc_0395,rvl_train_17379.png,train,recipient_name,To: Vlorittard Research Center 7,early_org_line,4,0.1739,5,32,5,1,26,0.0312,0.1538,1,0,0,Aa: Aaaaaaaaaa Aaaaaaaa Aaaaaa 0,1,0,0.0312,0,1,0,0,1,1,0,0,1,0,0,0,0,0,0,0,0,0,3,1.0,24,538,0,0,0,0,,
doc_0395,rvl_train_17379.png,train,recipient_name,"Attn: Dn, Connie Stone",attention_line,7,0.3043,4,22,4,0,17,0.0,0.2353,0,0,0,"Aaaa: Aa, Aaaaaa Aaaaa",1,0,0.0,0,0,0,0,1,1,0,0,0,0,0,0,0,1,0,0,0,0,3,1.0,24,538,0,1,0,0,,
doc_0272,rvl_train_07468.png,train,recipient_name,DAWSON RESEARCH CORPORATION,early_org_line,0,0.0,3,27,3,0,25,0.0,1.0,1,0,0,AAAAAA AAAAAAAA AAAAAAAAAAA,0,1,0.0,0,1,0,0,1,1,0,0,0,0,0,0,0,0,0,0,0,0,0,1.0,13,352,0,0,0,0,,
doc_0272,rvl_train_07468.png,train,recipient_name,Lorillard Research Center,early_org_line,5,0.4167,3,25,3,0,23,0.0,0.1304,1,0,0,Aaaaaaaaa Aaaaaaaa Aaaaaa,0,0,0.0,0,1,0,0,1,1,0,0,0,0,0,0,0,0,0,0,0,0,0,1.0,13,352,0,0,0,0,,
doc_0387,rvl_test_03487.png,train,recipient_name,"hocld be 350 ""rode",after_label,7,0.2,4,18,4,3,11,0.1667,0.0,0,0,0,"aaaaa aa 000 ""aaaa",0,0,0.1667,0,0,0,0,1,1,0,0,0,0,0,0,0,1,0,0,0,0,0,1.0,36,850,0,0,0,0,,
doc_0387,rvl_test_03487.png,train,recipient_name,"Lorillard,,.....52620.",after_label,8,0.2286,1,22,1,5,9,0.2273,0.1111,0,0,0,"Aaaaaaaaa,,.....00000.",0,0,0.2273,0,0,0,0,1,1,0,0,0,0,0,0,0,0,0,0,0,0,0,1.0,36,850,0,0,0,1,,
doc_0387,rvl_test_03487.png,train,recipient_name,Newport. 27 31°!,after_label,9,0.2571,3,16,3,4,7,0.25,0.1429,0,0,0,Aaaaaaa. 00 00°!,0,0,0.25,0,0,0,0,1,1,0,0,0,0,0,0,0,0,0,0,0,0,0,1.0,36,850,0,0,0,0,,
doc_0387,rvl_test_03487.png,train,recipient_name,12/6.| City & Sub. . 7,after_label,10,0.2857,6,22,6,4,7,0.1818,0.2857,0,0,0,00/0.| Aaaa & Aaa. . 0,0,0,0.1818,0,0,0,0,0,1,0,0,0,0,0,0,0,0,0,0,0,0,0,1.0,36,850,0,0,0,0,,
doc_0387,rvl_test_03487.png,train,recipient_name,CMT FV SF,after_label,34,0.9714,3,9,3,0,7,0.0,1.0,0,0,0,AAA AA AA,0,1,0.0,0,0,0,0,0,0,1,1,0,0,0,0,0,1,0,0,0,0,0,1.0,36,850,0,0,0,0,,
doc_0387,rvl_test_03487.png,train,recipient_name,sresoste,after_label,35,1.0,1,8,1,0,8,0.0,0.0,0,0,0,aaaaaaaa,0,0,0.0,0,0,0,0,0,0,1,1,0,0,0,0,0,0,0,0,0,0,0,1.0,36,850,0,0,0,0,,
doc_0387,rvl_test_03487.png,train,recipient_name,Lorillard Média Service ‘reat,early_org_line,3,0.0857,4,29,4,0,25,0.0,0.12,1,0,0,Aaaaaaaaa Aaaaa Aaaaaaa ‘aaaa,0,0,0.0,0,1,0,0,1,1,0,0,0,0,0,0,0,0,0,0,0,0,0,1.0,36,850,0,0,0,0,,
doc_0387,rvl_test_03487.png,train,recipient_name,Attn.: Mr. Steve Molloy,attention_line,6,0.1714,4,23,4,0,17,0.0,0.2353,0,0,0,Aaaa.: Aa. Aaaaa Aaaaaa,1,0,0.0,0,0,0,0,1,1,0,0,0,0,0,0,0,1,0,0,0,0,0,1.0,36,850,0,1,0,0,,
doc_0280,rvl_val_12456.png,train,recipient_name,"Laurence, Craelegs. Feces M2) » Inc. |",early_org_line,1,0.0286,7,38,7,1,25,0.0263,0.2,1,0,0,"Aaaaaaaa, Aaaaaaaa. Aaaaa A0) » Aaa. |",0,0,0.0263,0,1,0,0,1,1,0,0,0,0,0,0,0,0,0,0,0,0,0,1.0,36,1126,0,0,0,0,,
doc_0365,rvl_train_03754.png,train,recipient_name,ALL WAYS ADVERTISING COMPANY,early_org_line,4,0.1176,4,28,4,0,25,0.0,1.0,1,0,0,AAA AAAA AAAAAAAAAAA AAAAAAA,0,1,0.0,0,1,0,0,1,1,0,0,0,0,0,0,0,0,0,0,0,0,0,1.0,35,761,0,0,0,0,,
doc_0212,rvl_train_22175.png,train,recipient_name,payee; Management Science Assoc. Inc. EXPLANATIONOF PAYMENT. Sales & Informat,early_org_line,2,0.0588,10,77,10,0,63,0.0,0.4127,1,0,1,aaaaa; Aaaaaaaaaa Aaaaaaa Aaaaa. Aaa. AA,0,0,0.0,0,1,0,1,1,1,0,0,0,0,0,0,0,0,0,0,0,0,0,1.0,35,959,0,0,0,0,,
doc_0212,rvl_train_22175.png,train,recipient_name,BANK CODE: _ ‘COMPANY:,early_org_line,11,0.3235,4,22,4,0,15,0.0,1.0,1,0,0,AAAA AAAA: _ ‘AAAAAAA:,1,1,0.0,0,1,0,0,0,1,0,0,1,0,0,0,0,0,0,0,0,0,0,1.0,35,959,0,0,0,0,,
doc_0234,rvl_train_19310.png,val,recipient_name,“Ted Bates a company. inc /advertising _,early_org_line,0,0.0,7,40,7,0,30,0.0,0.0667,1,0,0,“Aaa Aaaaa a aaaaaaa. aaa /aaaaaaaaaaa _,0,0,0.0,0,1,0,0,1,1,0,0,0,0,0,0,0,0,0,0,0,0,0,1.0,28,938,0,0,0,0,,
doc_0257,rvl_train_17572.png,val,recipient_name,-CRC Contract F Research Center wisnsry SPRL,early_org_line,0,0.0,7,44,7,0,37,0.0,0.2973,1,0,0,-AAA Aaaaaaaa A Aaaaaaaa Aaaaaa aaaaaaa ,0,0,0.0,0,1,0,0,1,1,0,0,0,0,0,0,0,0,0,0,0,0,0,1.0,22,627,0,0,0,0,,
doc_0200,rvl_train_20953.png,val,recipient_name,"SHOOK, HARDY & BACON and Ls, Inc.",early_org_line,11,0.6111,7,33,7,0,23,0.0,0.7391,1,0,0,"AAAAA, AAAAA & AAAAA aaa Aa, Aaa.",0,0,0.0,0,1,0,0,0,1,1,0,1,0,0,0,0,0,0,0,0,0,1,1.0,19,447,0,0,0,0,,
doc_0346,rvl_train_01544.png,val,recipient_name,TAN ToBaceo coMPANY NTS INTL,after_label,3,0.1667,5,28,5,0,24,0.0,0.7083,1,0,0,AAA AaAaaaa aaAAAAA AAA AAAA,0,0,0.0,0,1,0,0,1,1,0,0,0,0,0,0,0,0,0,0,0,0,0,1.0,19,413,0,0,0,0,,
doc_0346,rvl_train_01544.png,val,recipient_name,30rd 3288 TEVIEY SLAZA,after_label,4,0.2222,4,22,4,6,13,0.2727,0.8462,0,0,0,00aa 0000 AAAAAA AAAAA,0,0,0.2727,0,0,0,0,1,1,0,0,0,0,0,0,0,0,0,0,0,0,0,1.0,19,413,0,0,0,1,,
doc_0346,rvl_train_01544.png,val,recipient_name,aRavUST vawk suite 1300,after_label,5,0.2778,4,23,4,4,16,0.1739,0.25,0,1,0,aAaaAAA aaaa aaaaa 0000,0,0,0.1739,0,0,1,0,1,1,0,0,0,0,0,0,0,0,0,0,0,0,0,1.0,19,413,0,0,1,0,,
doc_0346,rvl_train_01544.png,val,recipient_name,"Bas PAK AyeWUE CLEVELAND, C4E9  gaata",after_label,6,0.3333,6,37,6,2,28,0.0541,0.6786,0,0,0,"Aaa AAA AaaAAA AAAAAAAAA, A0A0  aaaaa",0,0,0.0541,0,0,0,0,1,1,0,0,0,0,0,0,0,0,0,0,0,0,0,1.0,19,413,0,0,0,0,,
doc_0346,rvl_train_01544.png,val,recipient_name,"YORK, YEN YORE 10467",after_label,7,0.3889,4,20,4,5,11,0.25,1.0,0,0,0,"AAAA, AAA AAAA 00000",0,1,0.25,0,0,0,0,1,1,0,0,0,0,0,0,0,0,0,0,0,0,0,1.0,19,413,0,0,0,1,,
doc_0271,rvl_train_21669.png,val,recipient_name,Brian R. Meara Public Relations Inc.,early_org_line,0,0.0,6,36,6,0,29,0.0,0.2069,1,0,0,Aaaaa A. Aaaaa Aaaaaa Aaaaaaaaa Aaa.,0,0,0.0,0,1,0,0,1,1,0,0,0,0,0,0,0,0,0,0,0,0,1,1.0,12,305,0,0,0,0,,
doc_0271,rvl_train_21669.png,val,recipient_name,PHILIP MORRIS MANAGEMENT CORP.,early_org_line,4,0.3636,4,30,4,0,26,0.0,1.0,1,0,0,AAAAAA AAAAAA AAAAAAAAAA AAAA.,0,1,0.0,0,1,0,0,1,1,0,0,0,0,0,0,0,0,0,0,0,0,1,1.0,12,305,0,0,0,0,,
doc_0271,rvl_train_21669.png,val,recipient_name,FEES FOR SERVICES RENDERED:,early_org_line,8,0.7273,4,27,4,0,23,0.0,1.0,1,0,0,AAAA AAA AAAAAAAA AAAAAAAA:,1,1,0.0,0,1,0,0,1,1,1,0,1,0,0,0,0,0,0,0,0,0,1,1.0,12,305,0,0,0,0,,
doc_0302,rvl_train_08846.png,val,recipient_name,1) | To the services of Fleishuan Hillerd (France) in,early_org_line,10,0.4167,10,53,10,1,39,0.0189,0.1026,1,0,0,0) | Aa aaa aaaaaaaa aa Aaaaaaaaa Aaaaaa,0,0,0.0189,0,1,0,0,0,1,0,0,0,0,0,0,0,0,0,0,0,0,2,1.0,25,650,0,0,0,0,,
doc_0278,rvl_val_09109.png,val,recipient_name,ILIP MORRIS INC RICHMON,early_org_line,13,0.325,4,23,4,0,20,0.0,1.0,1,0,0,AAAA AAAAAA AAA AAAAAAA,0,1,0.0,0,1,0,0,0,1,0,0,0,0,0,0,0,0,0,0,0,0,0,1.0,41,731,0,0,0,0,,
doc_0210,rvl_train_24133.png,val,recipient_name,CRC CONTRACT RESEARCH CENTER BV.BASP.R.L:,early_org_line,2,0.0645,5,41,5,0,33,0.0,1.0,1,0,0,AAA AAAAAAAA AAAAAAAA AAAAAA AA.AAAA.A.A,1,1,0.0,0,1,0,0,1,1,0,0,0,0,0,0,0,0,0,0,0,0,0,1.0,32,895,0,0,0,0,,
doc_0213,rvl_train_17871.png,val,recipient_name,T torittard Research center 1,early_org_line,4,0.1818,5,29,5,1,24,0.0345,0.0833,1,0,0,A aaaaaaaaa Aaaaaaaa aaaaaa 0,0,0,0.0345,0,1,0,0,1,1,0,0,1,0,0,0,0,0,0,0,0,0,3,1.0,23,475,0,0,0,0,,
doc_0213,rvl_train_17871.png,val,recipient_name,Attn: Dr. Daniel J. Heck,attention_line,7,0.3182,5,24,5,0,17,0.0,0.2941,0,1,0,Aaaa: Aa. Aaaaaa A. Aaaa,1,0,0.0,0,0,1,0,1,1,0,0,0,0,0,0,0,1,0,0,0,0,3,1.0,23,475,0,1,1,0,,
doc_0235,rvl_train_09116.png,val,recipient_name,CLIENT 297,after_label,7,0.25,2,10,2,3,6,0.3,1.0,0,0,0,AAAAAA 000,0,1,0.3,0,0,0,0,1,1,0,0,0,0,0,0,0,0,0,0,0,0,2,1.0,29,448,0,0,0,0,,
doc_0235,rvl_train_09116.png,val,recipient_name,PROEETNOMOER Tee,after_label,9,0.3214,2,16,2,0,15,0.0,0.8667,0,0,0,AAAAAAAAAAAA Aaa,0,0,0.0,0,0,0,0,1,1,0,0,0,0,0,0,0,0,0,0,0,0,2,1.0,29,448,0,0,0,0,,
doc_0235,rvl_train_09116.png,val,recipient_name,@ HAZLETON Lsonatonies AMERICA. INC,early_org_line,0,0.0,5,35,5,0,29,0.0,0.6552,1,0,0,@ AAAAAAAA Aaaaaaaaaaa AAAAAAA. AAA,0,0,0.0,0,1,0,0,1,1,0,0,0,0,0,0,0,0,0,0,0,0,2,1.0,29,448,0,0,0,0,,
doc_0235,rvl_train_09116.png,val,recipient_name,Lorillard Research Center,early_org_line,2,0.0714,3,25,3,0,23,0.0,0.1304,1,0,0,Aaaaaaaaa Aaaaaaaa Aaaaaa,0,0,0.0,0,1,0,0,1,1,0,0,0,0,0,0,0,0,0,0,0,0,2,1.0,29,448,0,0,0,0,,
doc_0235,rvl_train_09116.png,val,recipient_name,Attn: Or. 'J. Daniel Heck,attention_line,5,0.1786,5,25,5,0,17,0.0,0.2941,0,0,0,Aaaa: Aa. 'A. Aaaaaa Aaaa,1,0,0.0,0,0,0,0,1,1,0,0,0,0,0,0,0,1,0,0,0,0,2,1.0,29,448,0,1,0,0,,
doc_0372,rvl_test_14247.png,val,recipient_name,Associates For Research On Indoor Air,early_org_line,4,0.129,6,37,6,0,32,0.0,0.1875,1,0,0,Aaaaaaaaaa Aaa Aaaaaaaa Aa Aaaaaa Aaa,0,0,0.0,0,1,0,0,1,1,0,0,0,0,0,0,0,0,0,0,0,0,0,1.0,32,459,0,0,0,0,,
doc_0372,rvl_test_14247.png,val,recipient_name,Paxments to Consultants,early_org_line,14,0.4516,3,23,3,0,21,0.0,0.0952,0,0,0,Aaaaaaaa aa Aaaaaaaaaaa,0,0,0.0,0,0,0,0,0,1,0,0,0,0,0,0,0,0,0,0,0,0,0,1.0,32,459,0,0,0,0,,
doc_0250,rvl_test_03170.png,val,recipient_name,"Adams Letter Co., Inc.",early_org_line,0,0.0,4,22,4,0,16,0.0,0.25,1,0,0,"Aaaaa Aaaaaa Aa., Aaa.",0,0,0.0,0,1,0,0,1,1,0,0,0,0,0,0,0,0,0,0,0,0,0,1.0,34,602,0,0,0,0,,
doc_0250,rvl_test_03170.png,val,recipient_name,"YO: LEONARD ZAHN & ASSOCIATES, INC,",early_org_line,5,0.1515,6,35,6,0,26,0.0,1.0,1,0,0,"AA: AAAAAAA AAAA & AAAAAAAAAA, AAA,",1,1,0.0,0,1,0,0,1,1,0,0,0,0,0,0,0,0,0,0,0,0,0,1.0,34,602,0,0,0,0,,
doc_0250,rvl_test_03170.png,val,recipient_name,"800K ONLY TO CTRe2,",early_org_line,14,0.4242,4,19,4,4,11,0.2105,0.9091,0,0,0,"000A AAAA AA AAAa0,",0,0,0.2105,0,0,0,0,0,1,0,0,0,0,0,0,0,0,0,0,0,0,0,1.0,34,602,0,0,0,0,,
doc_0288,rvl_val_22998.png,val,recipient_name,DESCRIPTION OF ITEM / SERVICE PURCHASED. vl AMOUNT,early_org_line,2,0.1818,8,50,8,0,41,0.0,0.9512,1,0,1,AAAAAAAAAAA AA AAAA / AAAAAAA AAAAAAAAA.,0,0,0.0,0,1,0,1,1,1,0,0,0,0,0,0,0,0,0,0,0,0,0,1.0,12,226,0,0,0,0,,
doc_0288,rvl_val_22998.png,val,recipient_name,‘uAAGE To AccoUNT sorat | 2,early_org_line,6,0.5455,6,27,6,1,19,0.037,0.4737,0,0,0,‘aAAAA Aa AaaaAAA aaaaa | 0,0,0,0.037,0,0,0,0,1,1,1,0,0,0,0,0,0,0,0,0,0,0,0,1.0,12,226,0,0,0,0,,
doc_0380,rvl_train_08631.png,val,recipient_name,"CRSS) Cas SIAINE ENGINEERS, NC PLEASE REMIT TO:",early_org_line,1,0.0625,8,47,8,0,37,0.0,0.9459,0,0,1,"AAAA) Aaa AAAAAA AAAAAAAAA, AA AAAAAA AA",1,0,0.0,0,0,0,1,1,1,0,0,0,0,0,0,0,0,0,0,0,0,1,1.0,17,484,0,0,0,0,,
doc_0380,rvl_train_08631.png,val,recipient_name,"GREENVILLE, SC 29607 CRS SIRRINE ENGINEERS, INC.",early_org_line,2,0.125,7,48,7,5,34,0.1042,1.0,1,0,0,"AAAAAAAAAA, AA 00000 AAA AAAAAAA AAAAAAA",0,1,0.1042,0,1,0,0,1,1,0,0,0,0,0,0,0,0,0,0,0,0,1,1.0,17,484,0,0,0,1,,
doc_0380,rvl_train_08631.png,val,recipient_name,PROF SERVICES-OVERTIME,early_org_line,9,0.5625,2,22,2,0,20,0.0,1.0,1,0,0,AAAA AAAAAAAA-AAAAAAAA,0,1,0.0,0,1,0,0,1,1,1,0,0,0,0,0,0,0,0,0,0,0,1,1.0,17,484,0,0,0,0,,
doc_0264,rvl_train_11851.png,val,recipient_name,LORILLARD MEDIA SERVICES,early_org_line,5,0.25,3,24,3,0,22,0.0,1.0,1,0,0,AAAAAAAAA AAAAA AAAAAAAA,0,1,0.0,0,1,0,0,1,1,0,0,1,0,0,0,0,0,0,0,0,0,5,1.0,21,462,0,0,0,0,,
doc_0264,rvl_train_11851.png,val,recipient_name,CUSTOMER CODE go915,early_org_line,8,0.4,3,19,3,3,14,0.1579,0.8571,0,0,0,AAAAAAAA AAAA aa000,0,0,0.1579,0,0,0,0,1,1,0,0,0,0,0,0,0,0,0,0,0,0,5,1.0,21,462,0,0,0,0,,
doc_0264,rvl_train_11851.png,val,recipient_name,‘SERVICE FROM SERVICETO CUSTOMER PO STS ‘SALESPERSON,early_org_line,11,0.55,7,52,7,0,44,0.0,1.0,1,0,0,‘AAAAAAA AAAA AAAAAAAAA AAAAAAAA AA AAA ,0,1,0.0,0,1,0,0,0,1,1,0,0,0,0,0,0,0,0,0,0,0,5,1.0,21,462,0,0,0,0,,
doc_0249,rvl_train_11271.png,val,recipient_name,ass anarene ne weapon Soe! to 0) 22,early_org_line,2,0.125,8,35,8,3,23,0.0857,0.0435,0,0,0,aaa aaaaaaa aa aaaaaa Aaa! aa 0) 00,0,0,0.0857,0,0,0,0,1,1,0,0,0,0,0,0,0,0,0,0,0,0,0,1.0,17,263,0,0,0,0,,
doc_0260,rvl_train_02583.png,val,recipient_name,Shipre0 TO,after_label,3,0.1154,2,10,2,1,8,0.1,0.375,0,0,0,Aaaaaa0 AA,0,0,0.1,0,0,0,0,1,1,0,0,0,0,0,0,0,1,0,0,0,0,1,1.0,27,517,0,0,0,0,,
doc_0260,rvl_train_02583.png,val,recipient_name,Sth Street,after_label,5,0.1923,2,10,2,0,9,0.0,0.2222,0,1,0,Aaa Aaaaaa,0,0,0.0,0,0,1,0,1,1,0,0,0,0,0,0,0,0,0,0,0,0,1,1.0,27,517,0,0,1,0,,
doc_0260,rvl_train_02583.png,val,recipient_name,New York 10022,after_label,6,0.2308,3,14,3,5,7,0.3571,0.2857,0,0,0,Aaa Aaaa 00000,0,0,0.3571,0,0,0,0,1,1,0,0,0,0,0,0,0,0,0,0,0,0,1,1.0,27,517,0,0,0,1,,
doc_0260,rvl_train_02583.png,val,recipient_name,John Kreisher,after_label,7,0.2692,2,13,2,0,12,0.0,0.1667,0,0,0,Aaaa Aaaaaaaa,0,0,0.0,0,0,0,0,1,1,0,0,0,0,0,0,0,0,0,0,0,0,1,1.0,27,517,0,0,0,0,,
doc_0260,rvl_train_02583.png,val,recipient_name,PLEASE REFER TO OUR INVOICE NU,early_org_line,13,0.5,6,30,6,0,25,0.0,1.0,0,0,1,AAAAAA AAAAA AA AAA AAAAAAA AA,0,1,0.0,0,0,0,1,0,1,1,0,1,0,0,0,0,0,0,0,0,0,1,1.0,27,517,0,0,0,0,,
doc_0303,rvl_val_22550.png,val,recipient_name,ROKER Tae,after_label,6,0.2727,2,9,2,0,8,0.0,0.75,0,0,0,AAAAA Aaa,0,0,0.0,0,0,0,0,1,1,0,0,0,0,0,0,0,1,0,0,0,0,2,1.0,23,421,0,0,0,0,,
doc_0303,rvl_val_22550.png,val,recipient_name,> corre),after_label,7,0.3182,2,8,2,0,5,0.0,0.0,0,0,0,> aaaaa),0,0,0.0,0,0,0,0,1,1,0,0,0,0,0,0,0,0,0,0,0,0,2,1.0,23,421,0,0,0,0,,
doc_0303,rvl_val_22550.png,val,recipient_name,‘CLIENT COPY,after_label,8,0.3636,2,12,2,0,10,0.0,1.0,0,0,0,‘AAAAAA AAAA,0,1,0.0,0,0,0,0,1,1,0,0,0,0,0,0,0,0,0,0,0,0,2,1.0,23,421,0,0,0,0,,
doc_0303,rvl_val_22550.png,val,recipient_name,jeo/ér {71308 |,after_label,9,0.4091,3,15,3,5,5,0.3333,0.0,0,0,0,aaa/aa {00000 |,0,0,0.3333,0,0,0,0,1,1,0,0,0,0,0,0,0,0,0,0,0,0,2,1.0,23,421,0,0,0,1,,
doc_0303,rvl_val_22550.png,val,recipient_name,emer ro:,after_label,10,0.4545,2,8,2,0,6,0.0,0.0,0,0,0,aaaa aa:,1,0,0.0,0,0,0,0,0,1,0,0,0,0,0,0,0,0,0,0,0,0,2,1.0,23,421,0,0,0,0,,
doc_0303,rvl_val_22550.png,val,recipient_name,"@ HAZLETON LABORATORIES AMERICA, INC",early_org_line,0,0.0,5,36,5,0,30,0.0,1.0,1,0,0,"@ AAAAAAAA AAAAAAAAAAAA AAAAAAA, AAA",0,1,0.0,0,1,0,0,1,1,0,0,0,0,0,0,0,0,0,0,0,0,2,1.0,23,421,0,0,0,0,,
doc_0303,rvl_val_22550.png,val,recipient_name,Lorillard Research Center,early_org_line,1,0.0455,3,25,3,0,23,0.0,0.1304,1,0,0,Aaaaaaaaa Aaaaaaaa Aaaaaa,0,0,0.0,0,1,0,0,1,1,0,0,0,0,0,0,0,0,0,0,0,0,2,1.0,23,421,0,0,0,0,,
doc_0303,rvl_val_22550.png,val,recipient_name,Attn: Dr.'J. Datel Heck,attention_line,5,0.2273,4,23,4,0,16,0.0,0.3125,0,1,0,Aaaa: Aa.'A. Aaaaa Aaaa,1,0,0.0,0,0,1,0,1,1,0,0,0,0,0,0,0,1,0,0,0,0,2,1.0,23,421,0,1,1,0,,
doc_0356,rvl_train_19527.png,test,recipient_name,PHILIP MORRIS MANAGEMENT CORPORATION,early_org_line,13,0.619,4,36,4,0,33,0.0,1.0,1,0,0,AAAAAA AAAAAA AAAAAAAAAA AAAAAAAAAAA,0,1,0.0,0,1,0,0,0,1,1,0,0,0,0,0,0,0,0,0,0,0,0,1.0,22,478,0,0,0,0,,
doc_0356,rvl_train_19527.png,test,recipient_name,To cover the statement of Healthy Buildings,early_org_line,14,0.6667,7,43,7,0,37,0.0,0.0811,0,0,0,Aa aaaaa aaa aaaaaaaaa aa Aaaaaaa Aaaaaa,0,0,0.0,0,0,0,0,0,1,1,0,0,0,0,0,0,0,0,0,0,0,0,1.0,22,478,0,0,0,0,,
doc_0356,rvl_train_19527.png,test,recipient_name,International relating to the initial,early_org_line,15,0.7143,5,37,5,0,33,0.0,0.0303,0,0,0,Aaaaaaaaaaaaa aaaaaaaa aa aaa aaaaaaa,0,0,0.0,0,0,0,0,0,1,1,0,0,0,0,0,0,0,0,0,0,0,0,1.0,22,478,0,0,0,0,,
doc_0339,rvl_train_07187.png,test,recipient_name,“CP ARTS Inc,early_org_line,0,0.0,3,12,3,0,9,0.0,0.7778,1,0,0,“AA AAAA Aaa,0,0,0.0,0,1,0,0,1,1,0,0,0,0,0,0,0,0,0,0,0,0,2,1.0,38,608,0,0,0,0,,
doc_0339,rvl_train_07187.png,test,recipient_name,"Ally & Gargano, Inc.",early_org_line,2,0.0541,4,20,4,0,14,0.0,0.2143,1,0,0,"Aaaa & Aaaaaaa, Aaa.",0,0,0.0,0,1,0,0,1,1,0,0,0,0,0,0,0,0,0,0,0,0,2,1.0,38,608,0,0,0,0,,
doc_0339,rvl_train_07187.png,test,recipient_name,Client: Newport.,early_org_line,11,0.2973,2,16,2,0,13,0.0,0.1538,0,0,0,Aaaaaa: Aaaaaaa.,1,0,0.0,0,0,0,0,0,1,0,0,0,0,0,0,0,0,0,0,0,0,2,1.0,38,608,0,0,0,0,,
doc_0322,rvl_train_16359.png,test,recipient_name,sACCOUNT:: 274107 PAYEE: USA PETROLEUM CORP,early_org_line,3,0.2,6,43,6,6,29,0.1395,0.9655,1,0,0,aAAAAAAA:: 000000 AAAAA: AAA AAAAAAAAA A,1,0,0.1395,0,1,0,0,1,1,0,0,0,0,0,0,0,0,0,0,0,0,1,1.0,16,576,0,0,0,1,,
doc_0322,rvl_train_16359.png,test,recipient_name,SEND CHECK TO: PAYEE DIV OFFICE *,early_org_line,8,0.5333,7,33,7,0,25,0.0,1.0,0,0,0,AAAA AAAAA AA: AAAAA AAA AAAAAA *,1,1,0.0,0,0,0,0,1,1,1,0,0,0,0,0,0,0,0,0,0,0,1,1.0,16,576,0,0,0,0,,
doc_0322,rvl_train_16359.png,test,recipient_name,PRESS PF1 TO RETURN TO TEMPORARY PAYMENT SELECTION MENU,early_org_line,14,0.9333,9,55,9,1,46,0.0182,1.0,0,0,1,AAAAA AA0 AA AAAAAA AA AAAAAAAAA AAAAAAA,0,1,0.0182,0,0,0,1,0,1,1,1,0,0,0,0,0,0,0,0,0,0,1,1.0,16,576,0,0,0,0,,
doc_0254,rvl_val_08668.png,test,recipient_name,"November 29, 1994",after_label,12,0.2857,3,17,3,6,8,0.3529,0.125,0,0,0,"Aaaaaaaa 00, 0000",0,0,0.3529,0,0,0,0,0,1,0,0,0,0,0,0,0,1,0,0,0,0,0,1.0,43,1409,0,0,0,1,,
doc_0254,rvl_val_08668.png,test,recipient_name,"""ELECTRICAL SMOKING SYSTEM FOR DELIVERING FLAVORS",after_label,14,0.3333,6,49,6,0,43,0.0,1.0,0,0,0,"""AAAAAAAAAA AAAAAAA AAAAAA AAA AAAAAAAAA",0,1,0.0,0,0,0,0,0,1,0,0,0,0,0,0,0,0,0,0,1,0,0,1.0,43,1409,0,0,0,0,,
doc_0254,rvl_val_08668.png,test,recipient_name,"AND METHOD FOR MAKING SAMS"", Your Reference: PM 1697",after_label,15,0.3571,9,52,9,4,37,0.0769,0.7027,0,0,1,"AAA AAAAAA AAA AAAAAA AAAA"", Aaaa Aaaaaa",1,0,0.0769,0,0,0,1,0,1,0,0,0,0,0,0,0,0,0,0,1,0,0,1.0,43,1409,0,0,0,0,,
doc_0254,rvl_val_08668.png,test,recipient_name,"=- services, disbursenents and administrative |",after_label,16,0.381,6,47,6,0,38,0.0,0.0,1,0,0,"=- aaaaaaaa, aaaaaaaaaaaaa aaa aaaaaaaaa",0,0,0.0,0,1,0,0,0,1,0,0,0,0,0,0,0,0,0,0,1,0,0,1.0,43,1409,0,0,0,0,,
doc_0254,rvl_val_08668.png,test,recipient_name,PHILIP MORRIS MANAGEMENT CORP.,early_org_line,8,0.1905,4,30,4,0,26,0.0,1.0,1,0,0,AAAAAA AAAAAA AAAAAAAAAA AAAA.,0,1,0.0,0,1,0,0,1,1,0,0,0,0,0,0,0,0,0,0,0,0,0,1.0,43,1409,0,0,0,0,,
doc_0254,rvl_val_08668.png,test,recipient_name,written report to Mr. Glenn; and transmittal of,early_org_line,21,0.5,8,47,8,0,38,0.0,0.0526,0,0,0,aaaaaaa aaaaaa aa Aa. Aaaaa; aaa aaaaaaa,0,0,0.0,0,0,0,0,0,0,1,0,0,0,0,0,0,0,0,0,0,0,0,1.0,43,1409,0,0,0,0,,
doc_0254,rvl_val_08668.png,test,recipient_name,"Attention: Charles E. G. Glenn, Esquire",attention_line,11,0.2619,6,39,6,0,30,0.0,0.2,0,0,0,"Aaaaaaaaa: Aaaaaaa A. A. Aaaaa, Aaaaaaa",1,0,0.0,0,0,0,0,0,1,0,0,0,0,0,0,0,1,0,0,0,0,0,1.0,43,1409,0,1,0,0,,
doc_0382,rvl_train_16404.png,test,recipient_name,"BIO-RESEARCH CONSULTANTS, inc.",early_org_line,0,0.0,3,30,3,0,25,0.0,0.88,1,0,0,"AAA-AAAAAAAA AAAAAAAAAAA, aaa.",0,0,0.0,0,1,0,0,1,1,0,0,0,0,0,0,0,0,0,0,0,0,0,1.0,31,815,0,0,0,0,,
doc_0382,rvl_train_16404.png,test,recipient_name,RESEARCH DEVELOPMENT,early_org_line,2,0.0667,2,20,2,0,19,0.0,1.0,1,0,0,AAAAAAAA AAAAAAAAAAA,0,1,0.0,0,1,0,0,1,1,0,0,0,0,0,0,0,0,0,0,0,0,0,1.0,31,815,0,0,0,0,,
doc_0382,rvl_train_16404.png,test,recipient_name,To: THE COUNCIL FOR TOBACCO RESEARCH ~ U.S.A.,early_org_line,6,0.2,8,45,8,0,33,0.0,0.9697,1,0,0,Aa: AAA AAAAAAA AAA AAAAAAA AAAAAAAA ~ A,1,0,0.0,0,1,0,0,1,1,0,0,0,0,0,0,0,0,0,0,0,0,0,1.0,31,815,0,0,0,0,,
doc_0382,rvl_train_16404.png,test,recipient_name,"Research Associates $ 2,008.52",early_org_line,15,0.5,4,30,4,6,18,0.2,0.1111,1,0,0,"Aaaaaaaa Aaaaaaaaaa $ 0,000.00",0,0,0.2,1,1,0,0,0,1,1,0,0,0,0,0,0,0,0,0,0,0,0,1.0,31,815,0,0,0,1,,
doc_0382,rvl_train_16404.png,test,recipient_name,Research Assistants and Technicians 2208.82,early_org_line,16,0.5333,5,43,5,6,32,0.1395,0.0938,1,0,0,Aaaaaaaa Aaaaaaaaaa aaa Aaaaaaaaaaa 0000,0,0,0.1395,0,1,0,0,0,1,1,0,0,0,0,0,0,0,0,0,0,0,0,1.0,31,815,0,0,0,1,,
doc_0382,rvl_train_16404.png,test,recipient_name,Blue Cross and Group Insurance 135.1,early_org_line,19,0.6333,6,36,6,4,26,0.1111,0.1538,1,0,0,Aaaa Aaaaa aaa Aaaaa Aaaaaaaaa 000.0,0,0,0.1111,0,1,0,0,0,1,1,0,0,0,0,0,0,0,0,0,0,0,0,1.0,31,815,0,0,0,0,,
doc_0390,rvl_train_06518.png,test,recipient_name,YO Lorillard Media Service sovrmeen Lorillard,early_org_line,4,0.125,6,45,6,0,40,0.0,0.15,1,0,0,AA Aaaaaaaaa Aaaaa Aaaaaaa aaaaaaaa Aaaa,0,0,0.0,0,1,0,0,1,1,0,0,0,0,0,0,0,0,0,0,0,0,0,1.0,33,651,0,0,0,0,,
doc_0298,rvl_val_05355.png,test,recipient_name,LEO BURNETT COMPANY + INC,early_org_line,1,0.0909,5,25,5,0,20,0.0,1.0,1,0,0,AAA AAAAAAA AAAAAAA + AAA,0,1,0.0,0,1,0,0,1,1,0,0,0,0,0,0,0,0,0,0,0,0,0,1.0,12,320,0,0,0,0,,
doc_0298,rvl_val_05355.png,test,recipient_name,CLIENT DATE/NC. NOw DESCRIPTION INVOICE AMOUNT faa chSbs,early_org_line,6,0.5455,8,56,8,0,47,0.0,0.8298,0,0,1,AAAAAA AAAA/AA. AAa AAAAAAAAAAA AAAAAAA ,0,0,0.0,0,0,0,1,1,1,1,0,1,0,0,0,0,0,0,0,0,0,0,1.0,12,320,0,0,0,0,,
doc_0347,rvl_val_05009.png,test,recipient_name,To: Madison Square Garden,early_org_line,1,0.0625,4,25,4,0,21,0.0,0.1905,0,0,0,Aa: Aaaaaaa Aaaaaa Aaaaaa,1,0,0.0,0,0,0,0,1,1,0,0,1,0,0,0,0,0,0,0,0,0,1,1.0,17,353,0,0,0,0,,
doc_0347,rvl_val_05009.png,test,recipient_name,Please make check payable to: Philip Morris USA,early_org_line,13,0.8125,8,47,8,0,39,0.0,0.1538,0,0,0,Aaaaaa aaaa aaaaa aaaaaaa aa: Aaaaaa Aaa,1,0,0.0,0,0,0,0,0,1,1,1,0,0,0,0,0,0,0,0,0,1,1,1.0,17,353,0,0,0,0,,
doc_0347,rvl_val_05009.png,test,recipient_name,and remit to above address.,early_org_line,14,0.875,5,27,5,0,22,0.0,0.0,0,0,1,aaa aaaaa aa aaaaa aaaaaaa.,0,0,0.0,0,0,0,1,0,1,1,1,0,0,0,0,0,0,0,0,0,0,1,1.0,17,353,0,0,0,0,,
doc_0384,rvl_train_09780.png,test,recipient_name,Deliver to Nees fhe,early_org_line,3,0.75,4,19,4,0,16,0.0,0.125,0,0,0,Aaaaaaa aa Aaaa aaa,0,0,0.0,0,0,0,0,1,1,1,1,0,0,0,0,0,0,0,0,0,0,0,1.0,5,114,0,0,0,0,,
doc_0360,rvl_train_18129.png,test,recipient_name,"Ted Bat a. company, inc /adverrising",early_org_line,0,0.0,6,36,6,0,28,0.0,0.0714,1,0,0,"Aaa Aaa a. aaaaaaa, aaa /aaaaaaaaaaa",0,0,0.0,0,1,0,0,1,1,0,0,0,0,0,0,0,0,0,0,0,0,0,1.0,25,426,0,0,0,0,,
doc_0294,rvl_train_20807.png,test,recipient_name,GO Bant 42nd Street,after_label,15,0.3409,4,19,4,2,14,0.1053,0.2857,0,1,0,AA Aaaa 00aa Aaaaaa,0,0,0.1053,0,0,1,0,0,1,0,0,0,0,0,0,0,1,0,0,0,0,0,1.0,45,1121,0,0,1,0,,
doc_0294,rvl_train_20807.png,test,recipient_name,"Rew York, SY 10017",after_label,16,0.3636,4,18,4,5,9,0.2778,0.4444,0,0,0,"Aaa Aaaa, AA 00000",0,0,0.2778,0,0,0,0,0,1,0,0,0,0,0,0,0,0,0,0,0,0,0,1.0,45,1121,0,0,0,1,,
doc_0294,rvl_train_20807.png,test,recipient_name,"Attached,",after_label,17,0.3864,1,9,1,0,8,0.0,0.125,0,0,0,"Aaaaaaaa,",0,0,0.0,0,0,0,0,0,1,0,0,0,0,0,0,0,0,0,0,0,0,0,1.0,45,1121,0,0,0,0,,
doc_0294,rvl_train_20807.png,test,recipient_name,o4 v-ro,after_label,18,0.4091,2,7,2,1,4,0.1429,0.0,0,0,0,a0 a-aa,0,0,0.1429,0,0,0,0,0,1,0,0,0,0,0,0,0,0,0,0,0,0,0,1.0,45,1121,0,0,0,0,,
doc_0294,rvl_train_20807.png,test,recipient_name,Fer Shipping Instractiens|,after_label,19,0.4318,3,26,3,0,23,0.0,0.1304,0,0,0,Aaa Aaaaaaaa Aaaaaaaaaaaa|,0,0,0.0,0,0,0,0,0,1,0,0,0,0,0,0,0,0,0,0,0,0,0,1.0,45,1121,0,0,0,0,,
doc_0294,rvl_train_20807.png,test,recipient_name,"e@ ‘MAIL INVOICES TO OUR ADMMISTRATIVE CENTER,",early_org_line,2,0.0455,7,46,7,0,37,0.0,0.973,1,0,0,a@ ‘AAAA AAAAAAAA AA AAA AAAAAAAAAAAAA A,0,0,0.0,0,1,0,0,1,1,0,0,0,0,0,0,0,0,0,0,0,0,0,1.0,45,1121,0,0,0,0,,
doc_0294,rvl_train_20807.png,test,recipient_name,Attn? Br. 4. Gilion,attention_line,14,0.3182,4,19,4,1,12,0.0526,0.25,0,0,0,Aaaa? Aa. 0. Aaaaaa,0,0,0.0526,0,0,0,0,0,1,0,0,0,0,0,0,0,1,0,0,0,0,0,1.0,45,1121,0,1,0,0,,
doc_0240,rvl_train_22877.png,test,recipient_name,WST TRT LAB/BOILR HSE LAB,early_org_line,14,0.1918,5,25,5,0,20,0.0,1.0,1,0,0,AAA AAA AAA/AAAAA AAA AAA,0,1,0.0,0,1,0,0,0,1,0,0,0,0,0,0,0,0,0,0,0,0,0,0.85,74,938,0,0,0,0,,
doc_0358,rvl_train_08239.png,test,recipient_name,BLI REF: 251496,after_label,10,0.4348,3,15,3,6,6,0.4,1.0,0,0,0,AAA AAA: 000000,1,1,0.4,0,0,0,0,0,1,0,0,1,0,0,0,0,0,0,0,1,0,1,1.0,24,562,0,0,0,1,,
doc_0358,rvl_train_08239.png,test,recipient_name,"° LABORATORIES, INC.",early_org_line,1,0.0435,3,20,3,0,15,0.0,1.0,1,0,0,"° AAAAAAAAAAAA, AAA.",0,1,0.0,0,1,0,0,1,1,0,0,0,0,0,0,0,0,0,0,0,0,1,1.0,24,562,0,0,0,0,,
doc_0358,rvl_train_08239.png,test,recipient_name,Lorillard Inc.,early_org_line,5,0.2174,2,14,2,0,12,0.0,0.1667,1,0,0,Aaaaaaaaa Aaa.,0,0,0.0,0,1,0,0,1,1,0,0,0,0,0,0,0,0,0,0,0,0,1,1.0,24,562,0,0,0,0,,
doc_0358,rvl_train_08239.png,test,recipient_name,"Borriston Laboratories, Inc.",early_org_line,17,0.7391,3,28,3,0,24,0.0,0.125,1,0,0,"Aaaaaaaaa Aaaaaaaaaaaa, Aaa.",0,0,0.0,0,1,0,0,0,1,1,0,0,0,0,0,0,0,0,0,0,0,1,1.0,24,562,0,0,0,0,,
doc_0358,rvl_train_08239.png,test,recipient_name,"‘A Subsidiary of Dynamac Intemational, Inc.",early_org_line,23,1.0,6,43,6,0,35,0.0,0.1429,1,0,0,"‘A Aaaaaaaaaa aa Aaaaaaa Aaaaaaaaaaaa, A",0,0,0.0,0,1,0,0,0,0,1,1,0,0,0,0,0,0,0,0,0,0,1,1.0,24,562,0,0,0,0,,
doc_0358,rvl_train_08239.png,test,recipient_name,Attn: Dr. ‘Harry Minnemeyer,attention_line,8,0.3478,4,27,4,0,21,0.0,0.1905,0,1,0,Aaaa: Aa. ‘Aaaaa Aaaaaaaaaa,1,0,0.0,0,0,1,0,1,1,0,0,0,0,0,0,0,1,0,0,1,0,1,1.0,24,562,0,1,1,0,,
doc_0349,rvl_train_20561.png,test,recipient_name,WOODARD RESEARCH CORPORATION,early_org_line,1,0.0476,3,28,3,0,26,0.0,1.0,1,0,0,AAAAAAA AAAAAAAA AAAAAAAAAAA,0,1,0.0,0,1,0,0,1,1,0,0,0,0,0,0,0,0,0,0,0,0,0,1.0,22,421,0,0,0,0,,
doc_0349,rvl_train_20561.png,test,recipient_name,(ABORATORY AND CONSULTING SERVICE,early_org_line,2,0.0952,4,33,4,0,29,0.0,1.0,1,0,0,(AAAAAAAAA AAA AAAAAAAAAA AAAAAAA,0,1,0.0,0,1,0,0,1,1,0,0,0,0,0,0,0,0,0,0,0,0,0,1.0,22,421,0,0,0,0,,
doc_0349,rvl_train_20561.png,test,recipient_name,The American Tobacco Company,early_org_line,4,0.1905,4,28,4,0,25,0.0,0.16,1,0,0,Aaa Aaaaaaaa Aaaaaaa Aaaaaaa,0,0,0.0,0,1,0,0,1,1,0,0,0,0,0,0,0,0,0,0,0,0,0,1.0,22,421,0,0,0,0,,
doc_0349,rvl_train_20561.png,test,recipient_name,Assistant Managing Director ~ Research,early_org_line,7,0.3333,5,38,5,0,33,0.0,0.1212,1,0,0,Aaaaaaaaa Aaaaaaaa Aaaaaaaa ~ Aaaaaaaa,0,0,0.0,0,1,0,0,1,1,0,0,0,0,0,0,0,0,0,0,0,0,0,1.0,22,421,0,0,0,0,,
doc_0349,rvl_train_20561.png,test,recipient_name,91 wR 633 | Professional Services:,early_org_line,9,0.4286,6,34,6,5,22,0.1471,0.1364,1,0,0,00 aA 000 | Aaaaaaaaaaaa Aaaaaaaa:,1,0,0.1471,0,1,0,0,1,1,0,0,0,0,0,0,0,0,0,0,0,0,0,1.0,22,421,0,0,0,1,,
doc_0349,rvl_train_20561.png,test,recipient_name,"SERVICES PERFORMED,",early_org_line,13,0.619,2,19,2,0,17,0.0,1.0,1,0,0,"AAAAAAAA AAAAAAAAA,",0,1,0.0,0,1,0,0,0,1,1,0,0,0,0,0,0,0,0,0,0,0,0,1.0,22,421,0,0,0,0,,
doc_0319,rvl_train_10312.png,test,recipient_name,To cover the statement of Healthy Buildings,early_org_line,19,0.5758,7,43,7,0,37,0.0,0.0811,0,0,0,Aa aaaaa aaa aaaaaaaaa aa Aaaaaaa Aaaaaa,0,0,0.0,0,0,0,0,0,1,1,0,0,0,0,0,0,0,0,0,0,0,0,1.0,34,659,0,0,0,0,,
doc_0319,rvl_train_10312.png,test,recipient_name,"International, Inc., in connection with",early_org_line,20,0.6061,5,39,5,0,32,0.0,0.0625,1,0,0,"Aaaaaaaaaaaaa, Aaa., aa aaaaaaaaaa aaaa",0,0,0.0,0,1,0,0,0,0,1,0,0,0,0,0,0,0,0,0,0,0,0,1.0,34,659,0,0,0,0,,
doc_0220,rvl_train_03071.png,test,recipient_name,FOR PROFESSIONAL SERVICES RENDERED,early_org_line,4,0.1667,4,34,4,0,31,0.0,1.0,1,0,0,AAA AAAAAAAAAAAA AAAAAAAA AAAAAAAA,0,1,0.0,0,1,0,0,1,1,0,0,0,0,0,0,0,0,0,0,0,0,1,1.0,25,715,0,0,0,0,,
doc_0292,rvl_train_19961.png,test,recipient_name,"PROMOTIONAL MARKETING,INC.",early_org_line,0,0.0,2,26,2,0,23,0.0,1.0,1,0,0,"AAAAAAAAAAA AAAAAAAAA,AAA.",0,1,0.0,0,1,0,0,1,1,0,0,0,0,0,0,0,0,0,0,0,0,2,1.0,31,801,0,0,0,0,,
doc_0292,rvl_train_19961.png,test,recipient_name,To: Ms. Louise A. Norman,early_org_line,3,0.1,5,24,5,0,17,0.0,0.2941,0,0,0,Aa: Aa. Aaaaaa A. Aaaaaa,1,0,0.0,0,0,0,0,1,1,0,0,1,0,0,0,0,0,0,0,0,0,2,1.0,31,801,0,0,0,0,,
doc_0292,rvl_train_19961.png,test,recipient_name,R.J. Reynolds Tobacco Company,early_org_line,4,0.1333,4,29,4,0,24,0.0,0.2083,1,0,0,A.A. Aaaaaaaa Aaaaaaa Aaaaaaa,0,0,0.0,0,1,0,0,1,1,0,0,0,0,0,0,0,0,0,0,0,0,2,1.0,31,801,0,0,0,0,,
doc_0292,rvl_train_19961.png,test,recipient_name,staff to implement and supervise events in,early_org_line,16,0.5333,7,42,7,0,36,0.0,0.0,0,0,0,aaaaa aa aaaaaaaaa aaa aaaaaaaaa aaaaaa ,0,0,0.0,0,0,0,0,0,1,1,0,0,0,0,0,0,0,0,0,0,0,2,1.0,31,801,0,0,0,0,,
doc_0355,rvl_train_12609.png,test,recipient_name,Billed To:,early_org_line,9,0.3,2,10,2,0,8,0.0,0.25,0,0,0,Aaaaaa Aa:,1,0,0.0,0,0,0,0,1,1,0,0,0,0,0,0,0,0,0,0,0,0,1,1.0,31,851,0,0,0,0,,
doc_0355,rvl_train_12609.png,test,recipient_name,Lorillard Research Center,early_org_line,11,0.3667,3,25,3,0,23,0.0,0.1304,1,0,0,Aaaaaaaaa Aaaaaaaa Aaaaaa,0,0,0.0,0,1,0,0,0,1,0,0,0,0,0,0,0,0,0,0,0,0,1,1.0,31,851,0,0,0,0,,
doc_0355,rvl_train_12609.png,test,recipient_name,"Payment Address: LITTON BIONETICS, INC. - (103)",early_org_line,17,0.5667,7,47,7,3,32,0.0638,0.625,1,0,1,"Aaaaaaa Aaaaaaa: AAAAAA AAAAAAAAA, AAA. ",1,0,0.0638,0,1,0,1,0,1,1,0,0,0,0,0,0,0,0,0,0,1,1,1.0,31,851,0,0,0,0,,
doc_0355,rvl_train_12609.png,test,recipient_name,Service Rendered: anes Salmonella Plate Test on the compound A-70.,early_org_line,22,0.7333,10,66,10,2,52,0.0303,0.1154,1,0,0,Aaaaaaa Aaaaaaaa: aaaa Aaaaaaaaaa Aaaaa ,1,0,0.0303,0,1,0,0,0,0,1,0,0,0,0,0,0,0,0,0,0,0,1,1.0,31,851,0,0,0,0,,
doc_0355,rvl_train_12609.png,test,recipient_name,ATTN: Harry Minneneyer,attention_line,14,0.4667,3,22,3,0,19,0.0,0.3158,0,0,0,AAAA: Aaaaa Aaaaaaaaaa,1,0,0.0,0,0,0,0,0,1,0,0,0,0,0,0,0,1,0,0,0,0,1,1.0,31,851,0,1,0,0,,
doc_0316,rvl_train_18586.png,test,recipient_name,wae PERIOD COMERED [roun ioeni wo [—conimar [remus,after_label,12,0.6667,8,50,8,0,39,0.0,0.3333,0,0,0,aaa AAAAAA AAAAAAA [aaaa aaaaa aa [—aaaa,0,0,0.0,0,0,0,0,0,1,1,0,0,0,0,0,0,1,0,0,0,0,1,1.0,19,485,0,0,0,0,,
doc_0316,rvl_train_18586.png,test,recipient_name,"Petar Seats ""muon",after_label,14,0.7778,3,17,3,0,14,0.0,0.1429,0,0,0,"Aaaaa Aaaaa ""aaaa",0,0,0.0,0,0,0,0,0,1,1,1,0,0,0,0,0,0,0,0,0,0,1,1.0,19,485,0,0,0,0,,
doc_0316,rvl_train_18586.png,test,recipient_name,Fer studies conducted on: Aguto inhalation atudies in mics,after_label,15,0.8333,9,58,9,0,49,0.0,0.0408,0,0,0,Aaa aaaaaaa aaaaaaaaa aa: Aaaaa aaaaaaaa,1,0,0.0,0,0,0,0,0,1,1,1,0,0,0,0,0,0,0,0,0,0,1,1.0,19,485,0,0,0,0,,
doc_0316,rvl_train_18586.png,test,recipient_name,"BIO-RESEARCH CONSULTANTS, INC.",early_org_line,0,0.0,3,30,3,0,25,0.0,1.0,1,0,0,"AAA-AAAAAAAA AAAAAAAAAAA, AAA.",0,1,0.0,0,1,0,0,1,1,0,0,0,0,0,0,0,0,0,0,0,0,1,1.0,19,485,0,0,0,0,,
doc_0316,rvl_train_18586.png,test,recipient_name,Please refer to invoice,early_org_line,4,0.2222,4,23,4,0,20,0.0,0.05,0,0,1,Aaaaaa aaaaa aa aaaaaaa,0,0,0.0,0,0,0,1,1,1,0,0,1,0,0,0,0,0,0,0,0,0,1,1.0,19,485,0,0,0,0,,
doc_0316,rvl_train_18586.png,test,recipient_name,Attn: Hes Re Dy Campents,attention_line,11,0.6111,5,24,5,0,19,0.0,0.2632,0,0,0,Aaaa: Aaa Aa Aa Aaaaaaaa,1,0,0.0,0,0,0,0,0,1,1,0,0,0,0,0,0,1,0,0,0,0,1,1.0,19,485,0,1,0,0,,
doc_0329,rvl_train_24412.png,test,recipient_name,mens,after_label,9,0.3913,1,4,1,0,4,0.0,0.0,0,0,0,aaaa,0,0,0.0,0,0,0,0,1,1,0,0,0,0,0,0,0,1,0,0,0,0,2,1.0,24,455,0,0,0,0,,
doc_0329,rvl_train_24412.png,test,recipient_name,Charges,after_label,10,0.4348,1,7,1,0,7,0.0,0.1429,0,0,0,Aaaaaaa,0,0,0.0,0,0,0,0,0,1,0,0,0,0,0,0,0,0,0,0,0,0,2,1.0,24,455,0,0,0,0,,
doc_0329,rvl_train_24412.png,test,recipient_name,Lorillard Research Center,early_org_line,4,0.1739,3,25,3,0,23,0.0,0.1304,1,0,0,Aaaaaaaaa Aaaaaaaa Aaaaaa,0,0,0.0,0,1,0,0,1,1,0,0,0,0,0,0,0,0,0,0,0,0,2,1.0,24,455,0,0,0,0,,
doc_0329,rvl_train_24412.png,test,recipient_name,L_ Attention: Melanee B. Bennett J,attention_line,8,0.3478,6,34,6,0,26,0.0,0.2308,0,0,0,A_ Aaaaaaaaa: Aaaaaaa A. Aaaaaaa A,1,0,0.0,0,0,0,0,1,1,0,0,0,0,0,0,0,1,0,0,0,0,2,1.0,24,455,0,1,0,0,,
doc_0291,rvl_train_22399.png,test,recipient_name,"BIO-RESEARCH CONSULTANTS, Inc.",early_org_line,0,0.0,3,30,3,0,25,0.0,0.92,1,0,0,"AAA-AAAAAAAA AAAAAAAAAAA, Aaa.",0,0,0.0,0,1,0,0,1,1,0,0,0,0,0,0,0,0,0,0,0,0,0,1.0,27,719,0,0,0,0,,
doc_0291,rvl_train_22399.png,test,recipient_name,‘To: THE COUNCIL FOR TOBACCO RESEARCH - Us S.A.,early_org_line,1,0.0385,9,47,9,0,34,0.0,0.9412,1,0,0,‘Aa: AAA AAAAAAA AAA AAAAAAA AAAAAAAA - ,1,0,0.0,0,1,0,0,1,1,0,0,0,0,0,0,0,0,0,0,0,0,0,1.0,27,719,0,0,0,0,,
doc_0291,rvl_train_22399.png,test,recipient_name,"Research Assistants and Technicians $2,333.96",early_org_line,10,0.3846,5,45,5,6,32,0.1333,0.0938,1,0,0,"Aaaaaaaa Aaaaaaaaaa aaa Aaaaaaaaaaa $0,0",0,0,0.1333,1,1,0,0,0,1,0,0,0,0,0,0,0,0,0,0,0,0,0,1.0,27,719,0,0,0,1,,
doc_0291,rvl_train_22399.png,test,recipient_name,"Blue Cross, Group Insurance, etc. 105.62",early_org_line,13,0.5,6,40,6,5,26,0.125,0.1538,1,0,0,"Aaaa Aaaaa, Aaaaa Aaaaaaaaa, aaa. 000.00",0,0,0.125,0,1,0,0,0,1,1,0,0,0,0,0,0,0,0,0,0,0,0,1.0,27,719,0,0,0,1,,
