doc_id,file_name,_split,field,candidate_text,candidate_source,line_idx,line_rel_pos,line_token_count,candidate_len,candidate_token_count,candidate_digit_count,candidate_alpha_count,candidate_digit_ratio,candidate_uppercase_ratio,candidate_has_org_suffix,candidate_has_address_word,candidate_has_label_word,candidate_shape,line_has_colon,line_is_upper,line_digit_ratio,line_has_dollar,line_has_org_suffix,line_has_address_word,line_has_label_word,is_top_10_lines,is_top_20_lines,is_bottom_half,is_bottom_quarter,ctx_has_invoice,ctx_has_invoice_no,ctx_has_bill_to,ctx_has_sold_to,ctx_has_ship_to,ctx_has_attention,ctx_has_total,ctx_has_amount_due,ctx_has_reference,ctx_has_due,invoice_like_score,ocr_quality_score,doc_num_lines,doc_num_chars,amt_value,amt_ge_100,amt_ge_1000,amt_line_has_total,amt_line_has_amount_due,amt_line_dot_leader_heavy,label,notes
doc_0323,rvl_train_21065.png,train,total_amount,1350.0,money_total_line,17,0.9444,5,7,1,6,0,0.8571,0.0,0,0,0,0.0,1,1,0.2143,1,0,0,1,0,1,1,1,0,0,0,0,0,0,1,1,0,1,2,1.0,19,393,1350.0,1,1,1,1,0,,
doc_0297,rvl_train_08022.png,train,total_amount,100000.0,money_anywhere,6,0.1935,1,9,1,8,0,0.8889,0.0,0,0,0,0.0,0,0,0.7273,1,0,0,0,1,1,0,0,0,0,0,0,0,0,0,0,0,0,-1,1.0,32,641,100000.0,1,1,0,0,0,,
doc_0244,rvl_train_09106.png,train,total_amount,640.0,money_anywhere,23,0.5227,8,6,1,5,0,0.8333,0.0,0,0,0,0.0,0,0,0.28,1,0,0,0,0,0,1,0,0,0,0,0,0,0,0,0,0,0,0,1.0,45,1347,640.0,1,0,0,0,0,,
doc_0244,rvl_train_09106.png,train,total_amount,9640.0,money_anywhere,26,0.5909,8,7,1,6,0,0.8571,0.0,0,0,0,0.0,0,0,0.2917,0,0,0,0,0,0,1,0,0,0,0,0,0,0,0,0,0,0,0,1.0,45,1347,9640.0,1,1,0,0,0,,
doc_0244,rvl_train_09106.png,train,total_amount,290.0,money_anywhere,29,0.6591,7,6,1,5,0,0.8333,0.0,0,0,0,0.0,0,0,0.3333,1,0,0,0,0,0,1,0,0,0,0,0,0,0,0,0,0,0,0,1.0,45,1347,290.0,1,0,0,0,0,,
doc_0244,rvl_train_09106.png,train,total_amount,300.0,money_anywhere,32,0.7273,6,6,1,5,0,0.8333,0.0,0,0,0,0.0,0,0,0.3824,1,0,0,0,0,0,1,0,0,0,0,0,0,0,0,0,0,0,0,1.0,45,1347,300.0,1,0,0,0,0,,
doc_0244,rvl_train_09106.png,train,total_amount,240.0,money_anywhere,35,0.7955,7,6,1,5,0,0.8333,0.0,0,0,0,0.0,0,0,0.3488,1,0,0,0,0,0,1,1,0,0,0,0,0,0,0,0,0,0,0,1.0,45,1347,240.0,1,0,0,0,0,,
doc_0244,rvl_train_09106.png,train,total_amount,4600.0,money_anywhere,37,0.8409,6,7,1,6,0,0.8571,0.0,0,0,0,0.0,0,0,0.1463,1,0,0,0,0,0,1,1,0,0,0,0,0,0,0,0,0,0,0,1.0,45,1347,4600.0,1,1,0,0,0,,
doc_0205,rvl_train_09013.png,train,total_amount,12.0,money_anywhere,8,0.2353,8,5,1,4,0,0.8,0.0,0,0,0,0.0,1,0,0.1837,0,0,0,0,1,1,0,0,0,0,0,0,0,0,0,0,0,0,0,1.0,35,1001,12.0,0,0,0,0,0,,
doc_0205,rvl_train_09013.png,train,total_amount,25.35,money_anywhere,21,0.6176,5,5,1,4,0,0.8,0.0,0,0,0,0.0,0,0,0.3103,0,0,0,0,0,0,1,0,0,0,0,0,0,0,0,0,0,0,0,1.0,35,1001,25.35,0,0,0,0,0,,
doc_0205,rvl_train_09013.png,train,total_amount,22.21,money_anywhere,24,0.7059,6,5,1,4,0,0.8,0.0,0,0,0,0.0,1,0,0.2812,0,0,0,0,0,0,1,0,0,0,0,0,0,0,0,0,0,0,0,1.0,35,1001,22.21,0,0,0,0,0,,
doc_0205,rvl_train_09013.png,train,total_amount,50.92,money_anywhere,25,0.7353,4,5,1,4,0,0.8,0.0,0,0,0,0.0,1,0,0.25,0,0,0,0,0,0,1,0,0,0,0,0,0,0,0,0,0,0,0,1.0,35,1001,50.92,0,0,0,0,0,,
doc_0238,rvl_train_05232.png,train,total_amount,200.0,money_anywhere,6,0.6,4,6,1,5,0,0.8333,0.0,0,0,0,0.0,0,0,0.4,0,0,0,0,1,1,1,0,0,0,0,0,0,0,0,0,0,0,0,0.75,11,220,200.0,1,0,0,0,0,,
doc_0267,rvl_train_06301.png,train,total_amount,2050.0,money_anywhere,24,0.8889,7,7,1,6,0,0.8571,0.0,0,0,0,0.0,1,0,0.3111,1,0,0,0,0,0,1,1,0,0,0,0,0,0,0,0,0,0,2,1.0,28,518,2050.0,1,1,0,0,0,,
doc_0357,rvl_train_17339.png,train,total_amount,123250.0,money_anywhere,14,0.6364,6,9,1,8,0,0.8889,0.0,0,0,0,0.0,0,1,0.1569,1,1,0,0,0,1,1,0,0,0,0,0,0,0,1,1,0,1,4,1.0,23,644,123250.0,1,1,0,0,0,,
doc_0341,rvl_train_04533.png,train,total_amount,435.08,money_anywhere,17,0.6538,6,6,1,5,0,0.8333,0.0,0,0,0,0.0,0,0,0.3333,0,0,0,0,0,1,1,0,0,0,0,0,0,0,0,0,0,0,0,1.0,27,634,435.08,1,0,0,0,0,,
doc_0341,rvl_train_04533.png,train,total_amount,157.5,money_anywhere,21,0.8077,6,6,1,5,0,0.8333,0.0,0,0,0,0.0,0,0,0.5366,0,0,0,0,0,0,1,1,0,0,0,0,0,0,0,0,0,0,0,1.0,27,634,157.5,1,0,0,0,0,,
doc_0371,rvl_train_09618.png,train,total_amount,330.18,money_anywhere,15,0.75,5,6,1,5,0,0.8333,0.0,0,0,0,0.0,1,1,0.45,1,0,0,0,0,1,1,1,0,0,0,0,0,0,0,0,0,0,0,1.0,21,398,330.18,1,0,0,0,0,,
doc_0371,rvl_train_09618.png,train,total_amount,4330.28,money_anywhere,18,0.9,3,7,1,6,0,0.8571,0.0,0,0,0,0.0,0,0,0.5263,0,0,0,0,0,1,1,1,0,0,0,0,0,0,0,0,0,0,0,1.0,21,398,4330.28,1,1,0,0,0,,
doc_0371,rvl_train_09618.png,train,total_amount,2320.72,money_anywhere,19,0.95,1,7,1,6,0,0.8571,0.0,0,0,0,0.0,0,0,0.6667,1,0,0,0,0,1,1,1,0,0,0,0,0,0,0,0,0,0,0,1.0,21,398,2320.72,1,1,0,0,0,,
doc_0258,rvl_val_04091.png,train,total_amount,7650.0,money_anywhere,17,0.6538,10,7,1,6,0,0.8571,0.0,0,0,0,0.0,0,0,0.1515,1,0,0,0,0,1,1,0,0,0,0,0,0,0,0,0,0,0,2,1.0,27,606,7650.0,1,1,0,0,0,,
doc_0364,rvl_test_22339.png,train,total_amount,500.0,money_anywhere,14,0.56,2,6,1,5,0,0.8333,0.0,0,0,0,0.0,0,0,0.3333,1,0,0,1,0,1,1,0,0,0,0,0,0,0,0,0,0,0,0,1.0,26,739,500.0,1,0,0,0,0,,
doc_0343,rvl_train_02979.png,train,total_amount,76514.0,money_anywhere,5,0.2778,10,8,1,7,0,0.875,0.0,0,0,0,0.0,0,0,0.4043,1,0,0,0,1,1,0,0,0,0,0,0,0,0,0,0,0,1,0,1.0,19,613,76514.0,1,1,0,0,0,,
doc_0343,rvl_train_02979.png,train,total_amount,76904.0,money_anywhere,5,0.2778,10,8,1,7,0,0.875,0.0,0,0,0,0.0,0,0,0.4043,1,0,0,0,1,1,0,0,0,0,0,0,0,0,0,0,0,1,0,1.0,19,613,76904.0,1,1,0,0,0,,
doc_0334,rvl_train_19156.png,train,total_amount,8000.0,money_anywhere,18,0.5806,6,7,1,6,0,0.8571,0.0,0,0,0,0.0,0,1,0.2449,1,0,0,0,0,1,1,0,0,0,0,0,0,0,0,0,0,0,0,1.0,32,1021,8000.0,1,1,0,0,0,,
doc_0227,rvl_train_00870.png,train,total_amount,175.0,money_anywhere,12,0.4,9,6,1,5,0,0.8333,0.0,0,0,0,0.0,0,0,0.2826,1,0,0,0,0,1,0,0,0,0,0,0,0,0,0,0,0,0,0,1.0,31,1193,175.0,1,0,0,0,0,,
doc_0227,rvl_train_00870.png,train,total_amount,2975.0,money_anywhere,12,0.4,9,7,1,6,0,0.8571,0.0,0,0,0,0.0,0,0,0.2826,1,0,0,0,0,1,0,0,0,0,0,0,0,0,0,0,0,0,0,1.0,31,1193,2975.0,1,1,0,0,0,,
doc_0227,rvl_train_00870.png,train,total_amount,160.0,money_anywhere,13,0.4333,9,6,1,5,0,0.8333,0.0,0,0,0,0.0,0,0,0.26,1,0,0,0,0,1,0,0,0,0,0,0,0,0,0,0,0,0,0,1.0,31,1193,160.0,1,0,0,0,0,,
doc_0227,rvl_train_00870.png,train,total_amount,1920.0,money_anywhere,13,0.4333,9,7,1,6,0,0.8571,0.0,0,0,0,0.0,0,0,0.26,1,0,0,0,0,1,0,0,0,0,0,0,0,0,0,0,0,0,0,1.0,31,1193,1920.0,1,1,0,0,0,,
doc_0227,rvl_train_00870.png,train,total_amount,95.0,money_anywhere,16,0.5333,10,5,1,4,0,0.8,0.0,0,0,0,0.0,0,0,0.2558,1,0,0,0,0,1,1,0,0,0,0,0,0,0,0,0,0,0,0,1.0,31,1193,95.0,0,0,0,0,0,,
doc_0227,rvl_train_00870.png,train,total_amount,475.0,money_anywhere,16,0.5333,10,6,1,5,0,0.8333,0.0,0,0,0,0.0,0,0,0.2558,1,0,0,0,0,1,1,0,0,0,0,0,0,0,0,0,0,0,0,1.0,31,1193,475.0,1,0,0,0,0,,
doc_0227,rvl_train_00870.png,train,total_amount,700.0,money_anywhere,22,0.7333,9,6,1,5,0,0.8333,0.0,0,0,0,0.0,0,0,0.2391,1,0,0,0,0,0,1,0,0,0,0,0,0,0,0,0,0,0,0,1.0,31,1193,700.0,1,0,0,0,0,,
doc_0227,rvl_train_00870.png,train,total_amount,2240.0,money_anywhere,23,0.7667,9,7,1,6,0,0.8571,0.0,0,0,0,0.0,0,0,0.26,1,0,0,0,0,0,1,1,0,0,0,0,0,0,0,0,0,0,0,1.0,31,1193,2240.0,1,1,0,0,0,,
doc_0227,rvl_train_00870.png,train,total_amount,5075.0,money_anywhere,28,0.9333,9,7,1,6,0,0.8571,0.0,0,0,0,0.0,0,0,0.2766,1,0,0,0,0,0,1,1,0,0,0,0,0,0,0,0,0,0,0,1.0,31,1193,5075.0,1,1,0,0,0,,
doc_0227,rvl_train_00870.png,train,total_amount,5280.0,money_anywhere,29,0.9667,9,7,1,6,0,0.8571,0.0,0,0,0,0.0,0,0,0.26,1,0,0,0,0,0,1,1,0,0,0,0,0,0,0,0,0,0,0,1.0,31,1193,5280.0,1,1,0,0,0,,
doc_0228,rvl_train_22982.png,train,total_amount,439.9,money_anywhere,22,0.5946,2,6,1,5,0,0.8333,0.0,0,0,0,0.0,0,0,0.625,0,0,0,0,0,0,1,0,0,0,0,0,0,0,0,0,0,0,1,1.0,38,566,439.9,1,0,0,0,0,,
doc_0228,rvl_train_22982.png,train,total_amount,50.0,money_anywhere,24,0.6486,2,5,1,4,0,0.8,0.0,0,0,0,0.0,0,0,0.5714,0,0,0,0,0,0,1,0,0,0,0,0,0,0,0,0,0,0,1,1.0,38,566,50.0,0,0,0,0,0,,
doc_0228,rvl_train_22982.png,train,total_amount,18.0,money_anywhere,26,0.7027,2,5,1,4,0,0.8,0.0,0,0,0,0.0,0,0,0.5714,0,0,0,0,0,0,1,0,0,0,0,0,0,0,0,0,0,0,1,1.0,38,566,18.0,0,0,0,0,0,,
doc_0228,rvl_train_22982.png,train,total_amount,35.0,money_anywhere,28,0.7568,1,5,1,4,0,0.8,0.0,0,0,0,0.0,0,0,0.8,0,0,0,0,0,0,1,1,0,0,0,0,0,0,0,0,0,0,1,1.0,38,566,35.0,0,0,0,0,0,,
doc_0228,rvl_train_22982.png,train,total_amount,839.9,money_anywhere,34,0.9189,4,6,1,5,0,0.8333,0.0,0,0,0,0.0,0,0,0.2857,0,0,0,0,0,0,1,1,0,0,0,0,0,0,0,0,0,0,1,1.0,38,566,839.9,1,0,0,0,0,,
doc_0228,rvl_train_22982.png,train,total_amount,599.9,money_anywhere,37,1.0,3,6,1,5,0,0.8333,0.0,0,0,0,0.0,0,0,0.3846,0,0,0,0,0,0,1,1,0,0,0,0,0,0,0,0,0,0,1,1.0,38,566,599.9,1,0,0,0,0,,
doc_0312,rvl_train_13146.png,train,total_amount,830.76,money_anywhere,11,0.3929,6,6,1,5,0,0.8333,0.0,0,0,0,0.0,0,0,0.1111,0,0,0,0,0,1,0,0,0,0,0,0,0,0,0,0,0,0,0,1.0,29,813,830.76,1,0,0,0,0,,
doc_0312,rvl_train_13146.png,train,total_amount,388.46,money_anywhere,12,0.4286,6,6,1,5,0,0.8333,0.0,0,0,0,0.0,0,0,0.119,0,0,0,0,0,1,0,0,0,0,0,0,0,0,0,0,0,0,0,1.0,29,813,388.46,1,0,0,0,0,,
doc_0312,rvl_train_13146.png,train,total_amount,199.42,money_anywhere,13,0.4643,5,6,1,5,0,0.8333,0.0,0,0,0,0.0,0,0,0.1351,0,0,0,0,0,1,0,0,0,0,0,0,0,0,0,0,0,0,0,1.0,29,813,199.42,1,0,0,0,0,,
doc_0312,rvl_train_13146.png,train,total_amount,5107.8,money_anywhere,15,0.5357,3,7,1,6,0,0.8571,0.0,0,0,0,0.0,0,0,0.1935,0,0,0,0,0,1,1,0,0,0,0,0,0,0,0,0,0,0,0,1.0,29,813,5107.8,1,1,0,0,0,,
doc_0312,rvl_train_13146.png,train,total_amount,391.93,money_anywhere,16,0.5714,5,6,1,5,0,0.8333,0.0,0,0,0,0.0,0,0,0.1562,0,0,0,0,0,1,1,0,0,0,0,0,0,0,0,0,0,0,0,1.0,29,813,391.93,1,0,0,0,0,,
doc_0312,rvl_train_13146.png,train,total_amount,40.31,money_anywhere,17,0.6071,5,5,1,4,0,0.8,0.0,0,0,0,0.0,0,0,0.1379,0,0,0,1,0,1,1,0,0,0,0,0,0,0,0,0,0,0,0,1.0,29,813,40.31,0,0,0,0,0,,
doc_0312,rvl_train_13146.png,train,total_amount,7768.68,money_anywhere,18,0.6429,2,7,1,6,0,0.8571,0.0,0,0,0,0.0,0,0,0.3529,1,0,0,0,0,1,1,0,0,0,0,0,0,0,0,0,0,0,0,1.0,29,813,7768.68,1,1,0,0,0,,
doc_0312,rvl_train_13146.png,train,total_amount,16525.23,money_totalish_line,20,0.7143,2,8,1,7,0,0.875,0.0,0,0,0,0.0,1,0,0.4118,1,0,0,1,0,0,1,0,0,0,0,0,0,0,1,0,0,0,0,1.0,29,813,16525.23,1,1,1,0,0,,
doc_0312,rvl_train_13146.png,train,total_amount,1988.09,money_anywhere,21,0.75,2,7,1,6,0,0.8571,0.0,0,0,0,0.0,0,0,0.3333,1,0,0,0,0,0,1,1,0,0,0,0,0,0,1,0,0,0,0,1.0,29,813,1988.09,1,1,0,0,0,,
doc_0312,rvl_train_13146.png,train,total_amount,18508.26,money_anywhere,22,0.7857,4,8,1,7,0,0.875,0.0,0,0,0,0.0,1,0,0.3636,1,0,0,0,0,0,1,1,0,0,0,0,0,0,0,0,0,0,0,1.0,29,813,18508.26,1,1,0,0,0,,
doc_0312,rvl_train_13146.png,train,total_amount,1480.66,money_anywhere,23,0.8214,5,7,1,6,0,0.8571,0.0,0,0,0,0.0,0,0,0.2857,1,0,0,0,0,0,1,1,0,0,0,0,0,0,1,0,0,0,0,1.0,29,813,1480.66,1,1,0,0,0,,
doc_0312,rvl_train_13146.png,train,total_amount,2.0,money_totalish_line,24,0.8571,7,4,1,3,0,0.75,0.0,0,0,0,0.0,0,0,0.1633,1,0,0,1,0,0,1,1,0,0,0,0,0,0,1,0,0,0,0,1.0,29,813,2.0,0,0,1,0,0,,
doc_0312,rvl_train_13146.png,train,total_amount,19988.92,money_totalish_line,24,0.8571,7,8,1,7,0,0.875,0.0,0,0,0,0.0,0,0,0.1633,1,0,0,1,0,0,1,1,0,0,0,0,0,0,1,0,0,0,0,1.0,29,813,19988.92,1,1,1,0,0,,
doc_0202,rvl_train_00820.png,train,total_amount,30.43,money_anywhere,18,0.4186,8,5,1,4,0,0.8,0.0,0,0,0,0.0,0,0,0.1765,1,0,0,0,0,1,0,0,0,0,0,0,0,0,0,0,0,0,1,1.0,44,877,30.43,0,0,0,0,0,,
doc_0202,rvl_train_00820.png,train,total_amount,39.27,money_anywhere,19,0.4419,10,5,1,4,0,0.8,0.0,0,0,0,0.0,0,0,0.1351,1,0,0,0,0,1,0,0,0,0,0,0,0,0,0,0,0,0,1,1.0,44,877,39.27,0,0,0,0,0,,
doc_0202,rvl_train_00820.png,train,total_amount,54.48,money_anywhere,20,0.4651,7,5,1,4,0,0.8,0.0,0,0,0,0.0,0,0,0.1935,1,0,0,0,0,0,0,0,0,0,0,0,0,0,0,0,0,0,1,1.0,44,877,54.48,0,0,0,0,0,,
doc_0202,rvl_train_00820.png,train,total_amount,172.5,money_anywhere,22,0.5116,8,6,1,5,0,0.8333,0.0,0,0,0,0.0,0,0,0.2308,1,0,0,0,0,0,1,0,0,0,0,0,0,0,0,0,0,0,1,1.0,44,877,172.5,1,0,0,0,0,,
doc_0202,rvl_train_00820.png,train,total_amount,28.78,money_anywhere,22,0.5116,8,5,1,4,0,0.8,0.0,0,0,0,0.0,0,0,0.2308,1,0,0,0,0,0,1,0,0,0,0,0,0,0,0,0,0,0,1,1.0,44,877,28.78,0,0,0,0,0,,
doc_0202,rvl_train_00820.png,train,total_amount,37.14,money_anywhere,23,0.5349,10,5,1,4,0,0.8,0.0,0,0,0,0.0,0,0,0.1579,1,0,0,0,0,0,1,0,0,0,0,0,0,0,0,0,0,0,1,1.0,44,877,37.14,0,0,0,0,0,,
doc_0202,rvl_train_00820.png,train,total_amount,51.53,money_anywhere,24,0.5581,7,5,1,4,0,0.8,0.0,0,0,0,0.0,0,0,0.1935,1,0,0,0,0,0,1,0,0,0,0,0,0,0,1,0,0,0,1,1.0,44,877,51.53,0,0,0,0,0,,
doc_0202,rvl_train_00820.png,train,total_amount,141.91,money_anywhere,27,0.6279,4,6,1,5,0,0.8333,0.0,0,0,0,0.0,0,1,0.4667,1,0,0,0,0,0,1,0,0,0,0,0,0,0,1,0,0,0,1,1.0,44,877,141.91,1,0,0,0,0,,
doc_0202,rvl_train_00820.png,train,total_amount,1217.2,money_anywhere,32,0.7442,1,7,1,6,0,0.8571,0.0,0,0,0,0.0,0,0,0.6667,1,0,0,0,0,0,1,0,0,0,0,0,0,0,0,0,0,0,1,1.0,44,877,1217.2,1,1,0,0,0,,
doc_0202,rvl_train_00820.png,train,total_amount,235.62,money_anywhere,33,0.7674,1,6,1,5,0,0.8333,0.0,0,0,0,0.0,0,0,0.8333,0,0,0,0,0,0,1,1,0,0,0,0,0,0,0,0,0,0,1,1.0,44,877,235.62,1,0,0,0,0,,
doc_0202,rvl_train_00820.png,train,total_amount,4964.55,money_anywhere,34,0.7907,1,7,1,6,0,0.8571,0.0,0,0,0,0.0,0,0,0.6667,1,0,0,0,0,0,1,1,0,0,0,0,0,0,0,0,0,0,1,1.0,44,877,4964.55,1,1,0,0,0,,
doc_0202,rvl_train_00820.png,train,total_amount,1002.78,money_anywhere,35,0.814,1,7,1,6,0,0.8571,0.0,0,0,0,0.0,0,0,0.75,0,0,0,0,0,0,1,1,0,0,0,0,0,0,0,0,0,0,1,1.0,44,877,1002.78,1,1,0,0,0,,
doc_0202,rvl_train_00820.png,train,total_amount,1133.66,money_anywhere,36,0.8372,1,7,1,6,0,0.8571,0.0,0,0,0,0.0,0,0,0.75,0,0,0,0,0,0,1,1,0,0,0,0,0,0,0,0,0,0,1,1.0,44,877,1133.66,1,1,0,0,0,,
doc_0202,rvl_train_00820.png,train,total_amount,156.1,money_anywhere,37,0.8605,1,6,1,5,0,0.8333,0.0,0,0,0,0.0,0,0,0.7143,1,0,0,0,0,0,1,1,0,0,0,0,0,0,0,0,0,0,1,1.0,44,877,156.1,1,0,0,0,0,,
doc_0202,rvl_train_00820.png,train,total_amount,9262.05,money_anywhere,41,0.9535,1,7,1,6,0,0.8571,0.0,0,0,0,0.0,0,0,0.6667,1,0,0,0,0,0,1,1,0,0,0,0,0,0,0,0,0,0,1,1.0,44,877,9262.05,1,1,0,0,0,,
doc_0202,rvl_train_00820.png,train,total_amount,99418.15,money_anywhere,43,1.0,1,8,1,7,0,0.875,0.0,0,0,0,0.0,0,0,0.7778,0,0,0,0,0,0,1,1,0,0,0,0,0,0,0,0,0,0,1,1.0,44,877,99418.15,1,1,0,0,0,,
doc_0266,rvl_train_18919.png,train,total_amount,2624.26,money_anywhere,16,0.5926,9,7,1,6,0,0.8571,0.0,0,0,0,0.0,0,0,0.3415,0,0,0,0,0,1,1,0,0,0,0,0,0,0,0,0,0,0,2,1.0,28,512,2624.26,1,1,0,0,0,,
doc_0232,rvl_test_14720.png,train,total_amount,20.75,money_anywhere,16,0.5926,11,5,1,4,0,0.8,0.0,0,0,0,0.0,0,0,0.0972,0,0,0,1,0,1,1,0,0,0,0,0,0,0,0,0,0,0,-1,1.0,28,644,20.75,0,0,0,0,0,,
doc_0232,rvl_test_14720.png,train,total_amount,23.19,money_anywhere,21,0.7778,3,5,1,4,0,0.8,0.0,0,0,0,0.0,0,0,0.4615,0,0,0,0,0,0,1,1,0,0,0,0,0,0,0,0,0,0,-1,1.0,28,644,23.19,0,0,0,0,0,,
doc_0268,rvl_train_02280.png,train,total_amount,90.97,money_anywhere,5,0.2381,3,5,1,4,0,0.8,0.0,0,0,0,0.0,0,1,0.375,0,0,0,0,1,1,0,0,0,0,0,0,0,0,0,0,0,0,2,1.0,22,615,90.97,0,0,0,0,0,,
doc_0268,rvl_train_02280.png,train,total_amount,4850.0,money_anywhere,15,0.7143,8,7,1,6,0,0.8571,0.0,0,0,0,0.0,0,0,0.2128,0,0,0,0,0,1,1,0,0,0,0,0,0,0,0,0,0,0,2,1.0,22,615,4850.0,1,1,0,0,0,,
doc_0286,rvl_train_21961.png,train,total_amount,200.89,money_anywhere,10,0.9091,3,6,1,5,0,0.8333,0.0,0,0,0,0.0,1,0,0.3889,0,0,0,0,0,1,1,1,0,0,0,0,0,0,0,0,0,0,0,1.0,12,339,200.89,1,0,0,0,0,,
doc_0277,rvl_train_14858.png,train,total_amount,95951.25,money_anywhere,14,0.4,9,8,1,7,0,0.875,0.0,0,0,0,0.0,0,0,0.2222,0,1,0,1,0,1,0,0,0,0,0,0,0,0,0,0,0,0,2,1.0,36,920,95951.25,1,1,0,0,0,,
doc_0381,rvl_val_05855.png,train,total_amount,2250.0,money_anywhere,26,0.8966,1,7,1,6,0,0.8571,0.0,0,0,0,0.0,0,0,0.6667,1,0,0,0,0,0,1,1,0,0,0,0,0,0,0,0,0,0,1,1.0,30,527,2250.0,1,1,0,0,0,,
doc_0310,rvl_train_01052.png,train,total_amount,46400000.0,money_totalish_line,15,0.4167,3,11,1,10,0,0.9091,0.0,0,0,0,0.0,0,0,0.4444,0,0,0,1,0,1,0,0,0,0,0,0,0,0,1,0,0,0,0,1.0,37,687,46400000.0,1,1,1,0,0,,
doc_0388,rvl_train_19955.png,train,total_amount,60.0,money_anywhere,11,0.5238,5,5,1,4,0,0.8,0.0,0,0,0,0.0,0,0,0.6562,1,0,0,0,0,1,1,0,0,0,0,0,0,0,0,0,0,0,0,1.0,22,498,60.0,0,0,0,0,0,,
doc_0261,rvl_test_18090.png,train,total_amount,52540.05,money_anywhere,19,0.8636,1,8,1,7,0,0.875,0.0,0,0,0,0.0,0,0,0.7,0,0,0,0,0,1,1,1,0,0,0,0,0,0,0,0,0,0,2,1.0,23,536,52540.05,1,1,0,0,0,,
doc_0261,rvl_test_18090.png,train,total_amount,68543.58,money_anywhere,20,0.9091,2,8,1,7,0,0.875,0.0,0,0,0,0.0,0,1,0.6667,0,0,0,0,0,0,1,1,0,0,0,0,0,0,0,0,0,0,2,1.0,23,536,68543.58,1,1,0,0,0,,
doc_0279,rvl_train_20831.png,train,total_amount,303.36,money_anywhere,3,0.1071,3,6,1,5,0,0.8333,0.0,0,0,0,0.0,0,0,0.625,0,0,0,0,1,1,0,0,0,0,0,0,0,0,0,0,0,0,0,1.0,29,773,303.36,1,0,0,0,0,,
doc_0279,rvl_train_20831.png,train,total_amount,12.08,money_anywhere,18,0.6429,8,5,1,4,0,0.8,0.0,0,0,0,0.0,0,0,0.3043,0,0,0,0,0,1,1,0,0,0,0,0,0,0,1,0,0,0,0,1.0,29,773,12.08,0,0,0,0,0,,
doc_0279,rvl_train_20831.png,train,total_amount,12.35,money_totalish_line,19,0.6786,4,5,1,4,0,0.8,0.0,0,0,0,0.0,0,1,0.2778,0,0,0,1,0,1,1,0,0,0,0,0,0,0,1,0,0,0,0,1.0,29,773,12.35,0,0,1,0,0,,
doc_0279,rvl_train_20831.png,train,total_amount,4.0,money_totalish_line,19,0.6786,4,4,1,3,0,0.75,0.0,0,0,0,0.0,0,1,0.2778,0,0,0,1,0,1,1,0,0,0,0,0,0,0,1,0,0,0,0,1.0,29,773,4.0,0,0,1,0,0,,
doc_0361,rvl_val_00377.png,train,total_amount,100.0,money_anywhere,11,0.6875,6,6,1,5,0,0.8333,0.0,0,0,0,0.0,0,0,0.1765,1,0,0,0,0,1,1,0,0,0,0,0,0,0,0,0,0,0,0,1.0,17,408,100.0,1,0,0,0,0,,
doc_0233,rvl_train_13747.png,train,total_amount,3500.0,money_anywhere,6,0.1224,6,7,1,6,0,0.8571,0.0,0,0,0,0.0,0,0,0.1463,1,0,0,0,1,1,0,0,0,0,0,0,0,0,0,0,0,0,-1,1.0,50,1497,3500.0,1,1,0,0,0,,
doc_0307,rvl_train_07197.png,train,total_amount,6800.0,money_anywhere,22,0.7857,8,7,1,6,0,0.8571,0.0,0,0,0,0.0,0,1,0.6111,0,0,0,0,0,0,1,1,0,0,0,0,0,0,1,1,0,1,4,1.0,29,812,6800.0,1,1,0,0,0,,
doc_0400,rvl_train_03666.png,train,total_amount,1557.52,money_total_line,5,0.1351,4,7,1,6,0,0.8571,0.0,0,0,0,0.0,0,0,0.2308,1,0,0,1,1,1,0,0,0,0,0,0,0,0,1,1,0,1,2,1.0,38,994,1557.52,1,1,1,1,0,,
doc_0400,rvl_train_03666.png,train,total_amount,1243.61,money_anywhere,7,0.1892,5,7,1,6,0,0.8571,0.0,0,0,0,0.0,0,0,0.2069,1,0,0,1,1,1,0,0,0,0,0,0,0,0,0,0,0,0,2,1.0,38,994,1243.61,1,1,0,0,0,,
doc_0400,rvl_train_03666.png,train,total_amount,14.21,money_anywhere,15,0.4054,4,5,1,4,0,0.8,0.0,0,0,0,0.0,0,0,0.1538,0,0,0,1,0,1,0,0,0,0,0,0,0,0,0,0,0,1,2,1.0,38,994,14.21,0,0,0,0,0,,
doc_0327,rvl_train_04576.png,train,total_amount,940.8,money_anywhere,9,0.3462,2,6,1,5,0,0.8333,0.0,0,0,0,0.0,0,0,0.7273,0,0,0,0,1,1,0,0,0,0,0,0,0,0,0,0,0,0,0,1.0,27,380,940.8,1,0,0,0,0,,
doc_0327,rvl_train_04576.png,train,total_amount,700.0,money_anywhere,10,0.3846,3,6,1,5,0,0.8333,0.0,0,0,0,0.0,0,0,0.6154,0,0,0,0,0,1,0,0,0,0,0,0,0,0,1,0,0,0,0,1.0,27,380,700.0,1,0,0,0,0,,
doc_0327,rvl_train_04576.png,train,total_amount,2286.08,money_totalish_line,11,0.4231,6,7,1,6,0,0.8571,0.0,0,0,0,0.0,0,0,0.2143,0,0,0,1,0,1,0,0,0,0,0,0,0,0,1,0,0,0,0,1.0,27,380,2286.08,1,1,1,0,0,,
doc_0276,rvl_train_03310.png,train,total_amount,250.0,money_anywhere,9,0.9,1,6,1,5,0,0.8333,0.0,0,0,0,0.0,0,0,0.7143,1,0,0,0,1,1,1,1,0,0,0,0,0,0,0,0,0,0,0,1.0,11,279,250.0,1,0,0,0,0,,
doc_0289,rvl_train_21235.png,train,total_amount,13799.0,money_anywhere,6,0.5,4,8,1,7,0,0.875,0.0,0,0,0,0.0,0,0,0.3548,1,0,0,0,1,1,1,0,0,0,0,0,0,0,0,0,0,0,0,1.0,13,279,13799.0,1,1,0,0,0,,
doc_0311,rvl_train_10337.png,train,total_amount,35.75,money_anywhere,12,0.5455,5,5,1,4,0,0.8,0.0,0,0,0,0.0,0,0,0.4615,0,0,0,0,0,1,1,0,0,0,0,0,0,1,0,0,1,0,0,1.0,23,790,35.75,0,0,0,0,0,,
doc_0399,rvl_train_19627.png,train,total_amount,19.59,money_anywhere,3,0.0484,5,5,1,4,0,0.8,0.0,0,0,0,0.0,0,0,0.1667,0,0,0,0,1,1,0,0,0,0,0,0,0,0,0,0,0,0,0,1.0,63,1143,19.59,0,0,0,0,0,,
doc_0399,rvl_train_19627.png,train,total_amount,1500.0,money_anywhere,18,0.2903,9,7,1,6,0,0.8571,0.0,0,0,0,0.0,0,0,0.25,0,0,0,0,0,1,0,0,0,0,0,0,0,0,0,0,0,0,0,1.0,63,1143,1500.0,1,1,0,0,0,,
doc_0399,rvl_train_19627.png,train,total_amount,1166.08,money_anywhere,24,0.3871,4,7,1,6,0,0.8571,0.0,0,0,0,0.0,1,0,0.2609,0,0,0,0,0,0,0,0,0,0,0,0,0,0,0,0,0,0,0,1.0,63,1143,1166.08,1,1,0,0,0,,
doc_0399,rvl_train_19627.png,train,total_amount,2640.65,money_anywhere,29,0.4677,4,7,1,6,0,0.8571,0.0,0,0,0,0.0,0,0,0.2727,0,0,0,0,0,0,0,0,0,0,0,0,0,0,0,0,0,0,0,1.0,63,1143,2640.65,1,1,0,0,0,,
doc_0399,rvl_train_19627.png,train,total_amount,1900.0,money_anywhere,34,0.5484,1,7,1,6,0,0.8571,0.0,0,0,0,0.0,0,0,0.8571,0,0,0,0,0,0,1,0,0,0,0,0,0,0,0,0,0,0,0,1.0,63,1143,1900.0,1,1,0,0,0,,
doc_0399,rvl_train_19627.png,train,total_amount,1625.0,money_anywhere,37,0.5968,1,7,1,6,0,0.8571,0.0,0,0,0,0.0,0,0,0.8571,0,0,0,0,0,0,1,0,0,0,0,0,0,0,0,0,0,0,0,1.0,63,1143,1625.0,1,1,0,0,0,,
doc_0399,rvl_train_19627.png,train,total_amount,3525.0,money_anywhere,38,0.6129,3,7,1,6,0,0.8571,0.0,0,0,0,0.0,0,0,0.2308,0,0,0,0,0,0,1,0,0,0,0,0,0,0,0,0,0,0,0,1.0,63,1143,3525.0,1,1,0,0,0,,
doc_0399,rvl_train_19627.png,train,total_amount,250.0,money_anywhere,42,0.6774,1,6,1,5,0,0.8333,0.0,0,0,0,0.0,0,0,0.8333,0,0,0,0,0,0,1,0,0,0,0,0,0,0,0,0,0,0,0,1.0,63,1143,250.0,1,0,0,0,0,,
doc_0399,rvl_train_19627.png,train,total_amount,1000.0,money_anywhere,49,0.7903,1,7,1,6,0,0.8571,0.0,0,0,0,0.0,0,0,0.8571,0,0,0,0,0,0,1,1,0,0,0,0,0,0,0,0,0,0,0,1.0,63,1143,1000.0,1,1,0,0,0,,
doc_0399,rvl_train_19627.png,train,total_amount,1146.06,money_anywhere,50,0.8065,1,7,1,6,0,0.8571,0.0,0,0,0,0.0,0,0,0.8571,0,0,0,0,0,0,1,1,0,0,0,0,0,0,0,0,0,0,0,1.0,63,1143,1146.06,1,1,0,0,0,,
doc_0399,rvl_train_19627.png,train,total_amount,2260.09,money_anywhere,53,0.8548,2,7,1,6,0,0.8571,0.0,0,0,0,0.0,0,0,0.6667,0,0,0,0,0,0,1,1,0,0,0,0,0,0,0,0,0,0,0,1.0,63,1143,2260.09,1,1,0,0,0,,
doc_0399,rvl_train_19627.png,train,total_amount,1990.0,money_anywhere,55,0.8871,1,7,1,6,0,0.8571,0.0,0,0,0,0.0,0,0,0.8571,0,0,0,0,0,0,1,1,0,0,0,0,0,0,0,0,0,0,0,1.0,63,1143,1990.0,1,1,0,0,0,,
doc_0399,rvl_train_19627.png,train,total_amount,2529.0,money_anywhere,57,0.9194,1,7,1,6,0,0.8571,0.0,0,0,0,0.0,0,0,0.8571,0,0,0,0,0,0,1,1,0,0,0,0,0,0,0,0,0,0,0,1.0,63,1143,2529.0,1,1,0,0,0,,
doc_0262,rvl_train_09607.png,train,total_amount,733.41,money_anywhere,12,0.4444,6,6,1,5,0,0.8333,0.0,0,0,0,0.0,0,1,0.3784,0,0,0,0,0,1,0,0,0,0,0,0,0,0,0,0,0,0,0,1.0,28,715,733.41,1,0,0,0,0,,
doc_0262,rvl_train_09607.png,train,total_amount,759.41,money_anywhere,12,0.4444,6,6,1,5,0,0.8333,0.0,0,0,0,0.0,0,1,0.3784,0,0,0,0,0,1,0,0,0,0,0,0,0,0,0,0,0,0,0,1.0,28,715,759.41,1,0,0,0,0,,
doc_0262,rvl_train_09607.png,train,total_amount,4248.4,money_anywhere,14,0.5185,3,7,1,6,0,0.8571,0.0,0,0,0,0.0,0,0,0.5714,0,0,0,0,0,1,1,0,0,0,0,0,0,0,0,0,0,0,0,1.0,28,715,4248.4,1,1,0,0,0,,
doc_0262,rvl_train_09607.png,train,total_amount,733.44,money_anywhere,15,0.5556,3,6,1,5,0,0.8333,0.0,0,0,0,0.0,0,0,0.6,0,0,0,0,0,1,1,0,0,0,0,0,0,0,0,0,0,0,0,1.0,28,715,733.44,1,0,0,0,0,,
doc_0262,rvl_train_09607.png,train,total_amount,59.43,money_anywhere,15,0.5556,3,5,1,4,0,0.8,0.0,0,0,0,0.0,0,0,0.6,0,0,0,0,0,1,1,0,0,0,0,0,0,0,0,0,0,0,0,1.0,28,715,59.43,0,0,0,0,0,,
doc_0262,rvl_train_09607.png,train,total_amount,2098.84,money_anywhere,16,0.5926,3,7,1,6,0,0.8571,0.0,0,0,0,0.0,0,0,0.4583,0,0,0,0,0,1,1,0,0,0,0,0,0,0,0,0,0,0,0,1.0,28,715,2098.84,1,1,0,0,0,,
doc_0262,rvl_train_09607.png,train,total_amount,753.44,money_anywhere,17,0.6296,3,6,1,5,0,0.8333,0.0,0,0,0,0.0,0,0,0.625,0,0,0,0,0,1,1,0,0,0,0,0,0,0,0,0,0,0,0,1.0,28,715,753.44,1,0,0,0,0,,
doc_0262,rvl_train_09607.png,train,total_amount,799.41,money_anywhere,17,0.6296,3,6,1,5,0,0.8333,0.0,0,0,0,0.0,0,0,0.625,0,0,0,0,0,1,1,0,0,0,0,0,0,0,0,0,0,0,0,1.0,28,715,799.41,1,0,0,0,0,,
doc_0262,rvl_train_09607.png,train,total_amount,673.2,money_anywhere,19,0.7037,4,6,1,5,0,0.8333,0.0,0,0,0,0.0,0,0,0.625,0,0,0,0,0,1,1,0,0,0,0,0,0,0,0,0,0,0,0,1.0,28,715,673.2,1,0,0,0,0,,
doc_0262,rvl_train_09607.png,train,total_amount,20.21,money_anywhere,19,0.7037,4,5,1,4,0,0.8,0.0,0,0,0,0.0,0,0,0.625,0,0,0,0,0,1,1,0,0,0,0,0,0,0,0,0,0,0,0,1.0,28,715,20.21,0,0,0,0,0,,
doc_0262,rvl_train_09607.png,train,total_amount,180.02,money_anywhere,20,0.7407,6,6,1,5,0,0.8333,0.0,0,0,0,0.0,1,0,0.4,0,0,0,0,0,0,1,0,0,0,0,0,0,0,0,0,0,0,0,1.0,28,715,180.02,1,0,0,0,0,,
doc_0262,rvl_train_09607.png,train,total_amount,672.2,money_anywhere,21,0.7778,3,6,1,5,0,0.8333,0.0,0,0,0,0.0,0,0,0.5882,0,0,0,0,0,0,1,1,0,0,0,0,0,0,0,0,0,0,0,1.0,28,715,672.2,1,0,0,0,0,,
doc_0262,rvl_train_09607.png,train,total_amount,73.2,money_anywhere,22,0.8148,3,5,1,4,0,0.8,0.0,0,0,0,0.0,0,0,0.5625,0,0,0,0,0,0,1,1,0,0,0,0,0,0,0,0,0,0,0,1.0,28,715,73.2,0,0,0,0,0,,
doc_0262,rvl_train_09607.png,train,total_amount,873.2,money_anywhere,22,0.8148,3,6,1,5,0,0.8333,0.0,0,0,0,0.0,0,0,0.5625,0,0,0,0,0,0,1,1,0,0,0,0,0,0,0,0,0,0,0,1.0,28,715,873.2,1,0,0,0,0,,
doc_0262,rvl_train_09607.png,train,total_amount,73.41,money_anywhere,23,0.8519,3,5,1,4,0,0.8,0.0,0,0,0,0.0,0,0,0.5,0,0,0,0,0,0,1,1,0,0,0,0,0,0,0,0,0,0,0,1.0,28,715,73.41,0,0,0,0,0,,
doc_0262,rvl_train_09607.png,train,total_amount,2000.84,money_anywhere,24,0.8889,4,7,1,6,0,0.8571,0.0,0,0,0,0.0,0,0,0.4815,0,0,0,0,0,0,1,1,0,0,0,0,0,0,0,0,0,0,0,1.0,28,715,2000.84,1,1,0,0,0,,
doc_0262,rvl_train_09607.png,train,total_amount,7493.05,money_anywhere,25,0.9259,4,7,1,6,0,0.8571,0.0,0,0,0,0.0,0,0,0.5625,0,0,0,0,0,0,1,1,0,0,0,0,0,0,0,0,0,0,0,1.0,28,715,7493.05,1,1,0,0,0,,
doc_0262,rvl_train_09607.png,train,total_amount,4346.4,money_anywhere,25,0.9259,4,7,1,6,0,0.8571,0.0,0,0,0,0.0,0,0,0.5625,0,0,0,0,0,0,1,1,0,0,0,0,0,0,0,0,0,0,0,1.0,28,715,4346.4,1,1,0,0,0,,
doc_0262,rvl_train_09607.png,train,total_amount,7498.08,money_anywhere,25,0.9259,4,7,1,6,0,0.8571,0.0,0,0,0,0.0,0,0,0.5625,0,0,0,0,0,0,1,1,0,0,0,0,0,0,0,0,0,0,0,1.0,28,715,7498.08,1,1,0,0,0,,
doc_0383,rvl_train_16636.png,train,total_amount,500.0,money_anywhere,10,0.8333,2,6,1,5,0,0.8333,0.0,0,0,0,0.0,0,0,0.625,1,0,0,0,0,1,1,1,0,0,0,0,0,0,0,0,0,0,0,1.0,13,309,500.0,1,0,0,0,0,,
doc_0304,rvl_train_18251.png,train,total_amount,695.0,money_anywhere,21,1.0,2,6,1,5,0,0.8333,0.0,0,0,0,0.0,0,0,0.75,0,0,0,0,0,0,1,1,0,0,0,0,0,0,0,0,0,0,1,1.0,22,559,695.0,1,0,0,0,0,,
doc_0304,rvl_train_18251.png,train,total_amount,18.86,money_anywhere,21,1.0,2,5,1,4,0,0.8,0.0,0,0,0,0.0,0,0,0.75,0,0,0,0,0,0,1,1,0,0,0,0,0,0,0,0,0,0,1,1.0,22,559,18.86,0,0,0,0,0,,
doc_0293,rvl_train_17503.png,train,total_amount,1850.0,money_anywhere,34,0.9444,1,7,1,6,0,0.8571,0.0,0,0,0,0.0,0,0,0.75,0,0,0,0,0,0,1,1,0,0,0,0,0,0,0,0,0,0,1,1.0,37,788,1850.0,1,1,0,0,0,,
doc_0293,rvl_train_17503.png,train,total_amount,1933.25,money_anywhere,35,0.9722,1,7,1,6,0,0.8571,0.0,0,0,0,0.0,0,0,0.6667,1,0,0,0,0,0,1,1,0,0,0,0,0,0,0,0,0,0,1,1.0,37,788,1933.25,1,1,0,0,0,,
doc_0362,rvl_test_23617.png,train,total_amount,69008.0,money_anywhere,11,0.5,10,8,1,7,0,0.875,0.0,0,0,0,0.0,0,0,0.2254,0,0,0,0,0,1,1,0,0,0,0,0,0,0,0,0,0,0,1,1.0,23,504,69008.0,1,1,0,0,0,,
doc_0362,rvl_test_23617.png,train,total_amount,58690.8,money_anywhere,11,0.5,10,8,1,7,0,0.875,0.0,0,0,0,0.0,0,0,0.2254,0,0,0,0,0,1,1,0,0,0,0,0,0,0,0,0,0,0,1,1.0,23,504,58690.8,1,1,0,0,0,,
doc_0362,rvl_test_23617.png,train,total_amount,960.11,money_anywhere,22,1.0,19,6,1,5,0,0.8333,0.0,0,0,0,0.0,0,0,0.1414,0,0,0,1,0,0,1,1,1,0,0,0,0,0,0,0,0,0,1,1.0,23,504,960.11,1,0,0,0,0,,
doc_0373,rvl_train_05183.png,train,total_amount,9.0,money_total_line,1,0.0769,8,4,1,3,0,0.75,0.0,0,0,0,0.0,1,0,0.1111,0,0,0,1,1,1,0,0,1,0,0,0,0,0,1,1,0,1,3,1.0,14,356,9.0,0,0,1,1,0,,
doc_0373,rvl_train_05183.png,train,total_amount,30.0,money_total_line,1,0.0769,8,5,1,4,0,0.8,0.0,0,0,0,0.0,1,0,0.1111,0,0,0,1,1,1,0,0,1,0,0,0,0,0,1,1,0,1,3,1.0,14,356,30.0,0,0,1,1,0,,
doc_0373,rvl_train_05183.png,train,total_amount,86.0,money_total_line,1,0.0769,8,5,1,4,0,0.8,0.0,0,0,0,0.0,1,0,0.1111,0,0,0,1,1,1,0,0,1,0,0,0,0,0,1,1,0,1,3,1.0,14,356,86.0,0,0,1,1,0,,
doc_0373,rvl_train_05183.png,train,total_amount,1827.0,money_totalish_line,2,0.1538,5,7,1,6,0,0.8571,0.0,0,0,0,0.0,1,0,0.1765,1,0,0,1,1,1,0,0,1,0,0,0,0,0,1,1,0,1,3,1.0,14,356,1827.0,1,1,1,0,0,,
doc_0373,rvl_train_05183.png,train,total_amount,29.0,money_anywhere,5,0.3846,5,5,1,4,0,0.8,0.0,0,0,0,0.0,0,0,0.4,1,0,0,0,1,1,0,0,0,0,0,0,0,0,0,0,0,0,3,1.0,14,356,29.0,0,0,0,0,0,,
doc_0373,rvl_train_05183.png,train,total_amount,63.0,money_anywhere,5,0.3846,5,5,1,4,0,0.8,0.0,0,0,0,0.0,0,0,0.4,1,0,0,0,1,1,0,0,0,0,0,0,0,0,0,0,0,0,3,1.0,14,356,63.0,0,0,0,0,0,,
doc_0373,rvl_train_05183.png,train,total_amount,75.0,money_anywhere,8,0.6154,5,5,1,4,0,0.8,0.0,0,0,0,0.0,0,0,0.375,1,0,0,0,1,1,1,0,0,0,0,0,0,0,0,0,0,0,3,1.0,14,356,75.0,0,0,0,0,0,,
doc_0373,rvl_train_05183.png,train,total_amount,487.5,money_anywhere,8,0.6154,5,6,1,5,0,0.8333,0.0,0,0,0,0.0,0,0,0.375,1,0,0,0,1,1,1,0,0,0,0,0,0,0,0,0,0,0,3,1.0,14,356,487.5,1,0,0,0,0,,
doc_0373,rvl_train_05183.png,train,total_amount,602.25,money_anywhere,10,0.7692,1,6,1,5,0,0.8333,0.0,0,0,0,0.0,0,0,0.7143,1,0,0,0,0,1,1,1,0,0,0,0,0,0,0,0,0,0,3,1.0,14,356,602.25,1,0,0,0,0,,
doc_0373,rvl_train_05183.png,train,total_amount,2916.75,money_anywhere,12,0.9231,1,7,1,6,0,0.8571,0.0,0,0,0,0.0,0,0,0.6667,1,0,0,0,0,1,1,1,0,0,0,0,0,0,0,0,0,0,3,1.0,14,356,2916.75,1,1,0,0,0,,
doc_0393,rvl_train_05294.png,train,total_amount,18520.0,money_anywhere,12,0.6316,6,8,1,7,0,0.875,0.0,0,0,0,0.0,0,0,0.1458,1,0,0,0,0,1,1,0,0,0,0,0,0,0,1,0,0,0,1,1.0,20,513,18520.0,1,1,0,0,0,,
doc_0393,rvl_train_05294.png,train,total_amount,46300.0,money_totalish_line,13,0.6842,5,8,1,7,0,0.875,0.0,0,0,0,0.0,0,1,0.2258,1,0,0,1,0,1,1,0,1,0,0,0,0,0,1,0,0,0,1,1.0,20,513,46300.0,1,1,1,0,0,,
doc_0217,rvl_val_01042.png,train,total_amount,7500.0,money_anywhere,19,0.7037,2,7,1,6,0,0.8571,0.0,0,0,0,0.0,0,0,0.5455,1,0,0,0,0,1,1,0,0,0,0,0,0,0,0,0,0,0,2,1.0,28,654,7500.0,1,1,0,0,0,,
doc_0314,rvl_train_08774.png,train,total_amount,1200.0,money_anywhere,15,0.7895,7,7,1,6,0,0.8571,0.0,0,0,0,0.0,0,0,0.1277,1,0,0,0,0,1,1,1,0,0,0,0,0,0,0,0,0,0,1,1.0,20,486,1200.0,1,1,0,0,0,,
doc_0368,rvl_train_24605.png,train,total_amount,92.06,money_anywhere,11,0.4783,10,5,1,4,0,0.8,0.0,0,0,0,0.0,0,0,0.5283,0,0,0,0,0,1,0,0,0,0,0,0,0,0,0,0,0,0,0,1.0,24,822,92.06,0,0,0,0,0,,
doc_0368,rvl_train_24605.png,train,total_amount,2010600.06,money_anywhere,23,1.0,17,10,1,9,0,0.9,0.0,0,0,0,0.0,0,0,0.5207,0,0,0,0,0,0,1,1,0,0,0,0,0,0,0,0,0,0,0,1.0,24,822,2010600.06,1,1,0,0,0,,
doc_0201,rvl_train_03649.png,train,total_amount,1337.0,money_anywhere,16,0.6957,2,7,1,6,0,0.8571,0.0,0,0,0,0.0,0,0,0.8333,0,0,0,0,0,1,1,0,0,0,0,0,0,0,0,0,0,0,0,1.0,24,735,1337.0,1,1,0,0,0,,
doc_0215,rvl_train_19350.png,train,total_amount,3000.0,money_anywhere,4,0.1818,9,7,1,6,0,0.8571,0.0,0,0,0,0.0,0,0,0.5778,0,0,0,0,1,1,0,0,0,0,0,0,0,0,0,0,0,0,-1,1.0,23,480,3000.0,1,1,0,0,0,,
doc_0335,rvl_val_19122.png,train,total_amount,181359.0,money_anywhere,20,0.8,1,9,1,8,0,0.8889,0.0,0,0,0,0.0,0,0,0.8889,0,0,0,0,0,0,1,1,0,0,0,0,0,0,0,0,0,0,1,1.0,26,386,181359.0,1,1,0,0,0,,
doc_0306,rvl_train_10627.png,train,total_amount,324.0,money_anywhere,14,0.875,4,6,1,5,0,0.8333,0.0,0,0,0,0.0,0,0,0.25,1,0,0,0,0,1,1,1,1,0,0,0,0,0,0,0,0,0,1,1.0,17,518,324.0,1,0,0,0,0,,
doc_0285,rvl_train_06866.png,train,total_amount,301.5,money_anywhere,2,0.6667,2,6,1,5,0,0.8333,0.0,0,0,0,0.0,0,0,0.8667,0,0,0,0,1,1,1,0,0,0,0,0,0,0,0,0,0,0,0,0.75,4,51,301.5,1,0,0,0,0,,
doc_0285,rvl_train_06866.png,train,total_amount,2706.25,money_anywhere,3,1.0,1,7,1,6,0,0.8571,0.0,0,0,0,0.0,0,0,0.8571,0,0,0,0,1,1,1,1,0,0,0,0,0,0,0,0,0,0,0,0.75,4,51,2706.25,1,1,0,0,0,,
doc_0275,rvl_train_09483.png,train,total_amount,77.53,money_anywhere,8,0.2424,5,5,1,4,0,0.8,0.0,0,0,0,0.0,1,1,0.1081,1,0,0,1,1,1,0,0,1,0,0,0,0,0,0,0,0,0,2,1.0,34,1023,77.53,0,0,0,0,0,,
doc_0242,rvl_val_05095.png,train,total_amount,200.0,money_anywhere,7,0.875,5,6,1,5,0,0.8333,0.0,0,0,0,0.0,0,0,0.4062,1,0,0,0,1,1,1,1,0,0,0,0,0,0,0,0,0,0,0,0.75,9,202,200.0,1,0,0,0,0,,
doc_0281,rvl_train_11955.png,train,total_amount,137500.0,money_anywhere,15,0.4412,5,9,1,8,0,0.8889,0.0,0,0,0,0.0,1,0,0.5,0,0,0,0,0,1,0,0,0,0,0,0,0,0,0,0,0,0,2,1.0,35,649,137500.0,1,1,0,0,0,,
doc_0281,rvl_train_11955.png,train,total_amount,1.0,money_totalish_line,25,0.7353,17,4,1,3,0,0.75,0.0,0,0,0,0.0,0,0,0.102,0,0,0,1,0,0,1,0,0,0,0,0,0,0,1,0,0,0,2,1.0,35,649,1.0,0,0,1,0,0,,
doc_0281,rvl_train_11955.png,train,total_amount,5.0,money_totalish_line,25,0.7353,17,4,1,3,0,0.75,0.0,0,0,0,0.0,0,0,0.102,0,0,0,1,0,0,1,0,0,0,0,0,0,0,1,0,0,0,2,1.0,35,649,5.0,0,0,1,0,0,,
doc_0256,rvl_train_15055.png,train,total_amount,6652.98,money_anywhere,18,0.8182,4,7,1,6,0,0.8571,0.0,0,0,0,0.0,0,0,0.3333,1,0,0,0,0,1,1,1,0,0,0,0,0,0,1,0,0,0,2,1.0,23,669,6652.98,1,1,0,0,0,,
doc_0256,rvl_train_15055.png,train,total_amount,296.0,money_anywhere,20,0.9091,5,6,1,5,0,0.8333,0.0,0,0,0,0.0,0,0,0.25,0,0,0,0,0,0,1,1,0,0,0,0,0,0,0,0,0,0,2,1.0,23,669,296.0,1,0,0,0,0,,
doc_0256,rvl_train_15055.png,train,total_amount,296.09,money_anywhere,20,0.9091,5,6,1,5,0,0.8333,0.0,0,0,0,0.0,0,0,0.25,0,0,0,0,0,0,1,1,0,0,0,0,0,0,0,0,0,0,2,1.0,23,669,296.09,1,0,0,0,0,,
doc_0256,rvl_train_15055.png,train,total_amount,689.97,money_anywhere,21,0.9545,3,6,1,5,0,0.8333,0.0,0,0,0,0.0,0,0,0.3704,0,0,0,0,0,0,1,1,0,0,0,0,0,0,0,0,0,0,2,1.0,23,669,689.97,1,0,0,0,0,,
doc_0256,rvl_train_15055.png,train,total_amount,7791.12,money_anywhere,22,1.0,6,7,1,6,0,0.8571,0.0,0,0,0,0.0,0,0,0.1765,1,0,0,0,0,0,1,1,0,0,0,0,0,0,0,0,0,0,2,1.0,23,669,7791.12,1,1,0,0,0,,
doc_0336,rvl_train_13088.png,train,total_amount,352.01,money_anywhere,2,0.1111,7,6,1,5,0,0.8333,0.0,0,0,0,0.0,1,0,0.2174,0,0,0,0,1,1,0,0,0,0,0,0,0,0,0,0,0,0,2,1.0,19,519,352.01,1,0,0,0,0,,
doc_0336,rvl_train_13088.png,train,total_amount,3693.64,money_anywhere,13,0.7222,7,7,1,6,0,0.8571,0.0,0,0,0,0.0,0,0,0.2712,1,0,0,1,0,1,1,0,1,1,0,0,0,0,0,0,0,0,2,1.0,19,519,3693.64,1,1,0,0,1,,
doc_0332,rvl_train_17662.png,train,total_amount,90.97,money_anywhere,5,0.1429,2,5,1,4,0,0.8,0.0,0,0,0,0.0,0,1,0.4615,0,0,0,0,1,1,0,0,0,0,0,0,0,0,0,0,0,0,3,1.0,36,883,90.97,0,0,0,0,0,,
doc_0332,rvl_train_17662.png,train,total_amount,4400.0,money_anywhere,18,0.5143,10,7,1,6,0,0.8571,0.0,0,0,0,0.0,0,0,0.2909,0,0,0,0,0,1,1,0,0,0,0,0,0,0,0,0,0,0,3,1.0,36,883,4400.0,1,1,0,0,0,,
doc_0332,rvl_train_17662.png,train,total_amount,75230.38,money_anywhere,19,0.5429,5,8,1,7,0,0.875,0.0,0,0,0,0.0,0,0,0.4074,0,0,0,0,0,1,1,0,0,0,0,0,0,0,0,0,0,0,3,1.0,36,883,75230.38,1,1,0,0,0,,
doc_0348,rvl_train_05243.png,train,total_amount,297.52,money_anywhere,4,0.5,6,6,1,5,0,0.8333,0.0,0,0,0,0.0,0,0,0.1389,0,0,0,0,1,1,1,0,0,0,0,0,0,0,0,0,0,0,2,1.0,9,197,297.52,1,0,0,0,0,,
doc_0229,rvl_train_17857.png,train,total_amount,47.0,money_totalish_line,22,0.9167,3,5,1,4,0,0.8,0.0,0,0,0,0.0,0,0,0.1429,0,0,0,1,0,0,1,1,0,0,0,0,0,0,1,0,0,0,0,1.0,25,666,47.0,0,0,1,0,0,,
doc_0299,rvl_val_15148.png,train,total_amount,35730.0,money_anywhere,22,0.5946,2,8,1,7,0,0.875,0.0,0,0,0,0.0,0,0,0.4375,1,0,0,0,0,0,1,0,1,0,0,0,0,0,0,0,0,0,1,1.0,38,619,35730.0,1,1,0,0,0,,
doc_0299,rvl_val_15148.png,train,total_amount,17865.0,money_anywhere,23,0.6216,3,8,1,7,0,0.875,0.0,0,0,0,0.0,0,0,0.4167,0,0,0,1,0,0,1,0,1,0,0,0,0,0,0,0,0,0,1,1.0,38,619,17865.0,1,1,0,0,0,,
doc_0354,rvl_train_19544.png,train,total_amount,2.7,money_totalish_line,42,0.7925,2,4,1,3,0,0.75,0.0,0,0,0,0.0,0,1,0.3333,0,0,0,1,0,0,1,1,0,0,0,0,0,0,1,0,0,0,1,1.0,54,1456,2.7,0,0,1,0,0,,
doc_0352,rvl_train_02082.png,train,total_amount,25000.0,money_anywhere,5,0.2083,7,8,1,7,0,0.875,0.0,0,0,0,0.0,0,1,0.6111,0,0,0,0,1,1,0,0,0,0,0,0,0,0,1,0,0,0,0,1.0,25,695,25000.0,1,1,0,0,0,,
doc_0352,rvl_train_02082.png,train,total_amount,254000.0,money_anywhere,5,0.2083,7,9,1,8,0,0.8889,0.0,0,0,0,0.0,0,1,0.6111,0,0,0,0,1,1,0,0,0,0,0,0,0,0,1,0,0,0,0,1.0,25,695,254000.0,1,1,0,0,0,,
doc_0352,rvl_train_02082.png,train,total_amount,200.0,money_totalish_line,6,0.25,6,6,1,5,0,0.8333,0.0,0,0,0,0.0,0,1,0.5455,0,0,0,1,1,1,0,0,0,0,0,0,0,0,1,0,0,0,0,1.0,25,695,200.0,1,0,1,0,0,,
doc_0333,rvl_test_24479.png,train,total_amount,1.25,money_totalish_line,9,0.5625,4,4,1,3,0,0.75,0.0,0,0,0,0.0,0,0,0.1579,0,0,0,1,1,1,1,0,0,0,0,0,0,0,1,0,0,1,2,1.0,17,349,1.25,0,0,1,0,0,,
doc_0247,rvl_train_03040.png,train,total_amount,179.19,money_anywhere,13,0.5,6,6,1,5,0,0.8333,0.0,0,0,0,0.0,0,0,0.1351,1,0,0,0,0,1,1,0,0,0,0,0,0,0,0,0,0,0,0,1.0,27,698,179.19,1,0,0,0,0,,
doc_0247,rvl_train_03040.png,train,total_amount,9500.0,money_anywhere,14,0.5385,6,7,1,6,0,0.8571,0.0,0,0,0,0.0,0,0,0.1429,0,1,0,0,0,1,1,0,0,0,0,0,0,0,0,0,0,0,0,1.0,27,698,9500.0,1,1,0,0,0,,
doc_0247,rvl_train_03040.png,train,total_amount,110.0,money_anywhere,17,0.6538,3,6,1,5,0,0.8333,0.0,0,0,0,0.0,0,0,0.25,0,0,0,0,0,1,1,0,0,0,0,0,0,0,1,0,0,1,0,1.0,27,698,110.0,1,0,0,0,0,,
doc_0247,rvl_train_03040.png,train,total_amount,69.19,money_totalish_line,18,0.6923,4,5,1,4,0,0.8,0.0,0,0,0,0.0,0,0,0.2353,1,0,0,1,0,1,1,0,0,0,0,0,0,0,1,0,0,1,0,1.0,27,698,69.19,0,0,1,0,0,,
doc_0226,rvl_val_06516.png,train,total_amount,16862.56,money_anywhere,16,0.5926,5,8,1,7,0,0.875,0.0,0,0,0,0.0,0,0,0.2121,1,0,0,0,0,1,1,0,0,0,0,0,0,0,0,0,0,0,1,1.0,28,517,16862.56,1,1,0,0,0,,
doc_0226,rvl_val_06516.png,train,total_amount,2529.38,money_anywhere,26,0.963,2,7,1,6,0,0.8571,0.0,0,0,0,0.0,0,0,0.6667,1,0,0,0,0,0,1,1,1,0,0,0,0,0,0,0,0,0,1,1.0,28,517,2529.38,1,1,0,0,0,,
doc_0282,rvl_train_05330.png,train,total_amount,13500.0,money_anywhere,22,0.7857,3,8,1,7,0,0.875,0.0,0,0,0,0.0,1,1,0.3043,0,0,0,1,0,0,1,1,0,0,0,0,0,0,0,0,0,0,1,1.0,29,568,13500.0,1,1,0,0,0,,
doc_0282,rvl_train_05330.png,train,total_amount,2025.0,money_anywhere,23,0.8214,5,7,1,6,0,0.8571,0.0,0,0,0,0.0,1,0,0.3077,0,0,0,0,0,0,1,1,0,0,0,0,0,0,0,0,0,0,1,1.0,29,568,2025.0,1,1,0,0,0,,
doc_0305,rvl_train_22434.png,train,total_amount,16220.0,money_anywhere,12,0.75,5,8,1,7,0,0.875,0.0,0,0,0,0.0,0,0,0.5122,1,0,0,0,0,1,1,1,0,0,0,0,0,0,0,0,0,0,0,1.0,17,455,16220.0,1,1,0,0,0,,
doc_0305,rvl_train_22434.png,train,total_amount,250.0,money_anywhere,13,0.8125,3,6,1,5,0,0.8333,0.0,0,0,0,0.0,0,0,0.2273,0,0,0,0,0,1,1,1,0,0,0,0,0,0,1,0,0,0,0,1.0,17,455,250.0,1,0,0,0,0,,
doc_0305,rvl_train_22434.png,train,total_amount,16470.0,money_totalish_line,14,0.875,3,8,1,7,0,0.875,0.0,0,0,0,0.0,0,1,0.2917,1,0,0,1,0,1,1,1,0,0,0,0,0,0,1,0,0,0,0,1.0,17,455,16470.0,1,1,1,0,0,,
doc_0374,rvl_train_03656.png,train,total_amount,106.0,money_totalish_line,9,0.1915,8,6,1,5,0,0.8333,0.0,0,0,0,0.0,0,0,0.175,0,0,0,1,1,1,0,0,0,0,0,0,0,0,1,0,0,0,2,1.0,48,894,106.0,1,0,1,0,0,,
doc_0374,rvl_train_03656.png,train,total_amount,740.0,money_totalish_line,9,0.1915,8,6,1,5,0,0.8333,0.0,0,0,0,0.0,0,0,0.175,0,0,0,1,1,1,0,0,0,0,0,0,0,0,1,0,0,0,2,1.0,48,894,740.0,1,0,1,0,0,,
doc_0374,rvl_train_03656.png,train,total_amount,150.0,money_anywhere,10,0.2128,7,6,1,5,0,0.8333,0.0,0,0,0,0.0,0,0,0.64,0,0,0,0,0,1,0,0,0,0,0,0,0,0,1,0,0,0,2,1.0,48,894,150.0,1,0,0,0,0,,
doc_0374,rvl_train_03656.png,train,total_amount,6750.0,money_anywhere,10,0.2128,7,7,1,6,0,0.8571,0.0,0,0,0,0.0,0,0,0.64,0,0,0,0,0,1,0,0,0,0,0,0,0,0,1,0,0,0,2,1.0,48,894,6750.0,1,1,0,0,0,,
doc_0374,rvl_train_03656.png,train,total_amount,7200.0,money_anywhere,11,0.234,2,7,1,6,0,0.8571,0.0,0,0,0,0.0,0,0,0.7857,0,0,0,0,0,1,0,0,0,0,0,0,0,0,0,0,0,0,2,1.0,48,894,7200.0,1,1,0,0,0,,
doc_0374,rvl_train_03656.png,train,total_amount,43950.0,money_totalish_line,20,0.4255,2,8,1,7,0,0.875,0.0,0,0,0,0.0,0,1,0.5,0,0,0,1,0,0,0,0,0,0,0,0,0,0,1,0,0,0,2,1.0,48,894,43950.0,1,1,1,0,0,,
doc_0374,rvl_train_03656.png,train,total_amount,8.0,money_totalish_line,21,0.4468,4,4,1,3,0,0.75,0.0,0,0,0,0.0,0,0,0.1364,0,0,0,1,0,0,0,0,0,0,0,0,0,0,1,0,0,0,2,1.0,48,894,8.0,0,0,1,0,0,,
doc_0374,rvl_train_03656.png,train,total_amount,17.0,money_totalish_line,21,0.4468,4,5,1,4,0,0.8,0.0,0,0,0,0.0,0,0,0.1364,0,0,0,1,0,0,0,0,0,0,0,0,0,0,1,0,0,0,2,1.0,48,894,17.0,0,0,1,0,0,,
doc_0374,rvl_train_03656.png,train,total_amount,50.0,money_anywhere,22,0.4681,6,5,1,4,0,0.8,0.0,0,0,0,0.0,0,1,0.4667,0,0,0,0,0,0,0,0,0,0,0,0,0,0,1,0,0,0,2,1.0,48,894,50.0,0,0,0,0,0,,
doc_0374,rvl_train_03656.png,train,total_amount,5550.0,money_anywhere,22,0.4681,6,7,1,6,0,0.8571,0.0,0,0,0,0.0,0,1,0.4667,0,0,0,0,0,0,0,0,0,0,0,0,0,0,1,0,0,0,2,1.0,48,894,5550.0,1,1,0,0,0,,
doc_0374,rvl_train_03656.png,train,total_amount,450.0,money_anywhere,23,0.4894,11,6,1,5,0,0.8333,0.0,0,0,0,0.0,0,0,0.4286,0,0,0,0,0,0,0,0,0,0,0,0,0,0,1,0,0,0,2,1.0,48,894,450.0,1,0,0,0,0,,
doc_0374,rvl_train_03656.png,train,total_amount,42750.0,money_totalish_line,24,0.5106,2,8,1,7,0,0.875,0.0,0,0,0,0.0,0,1,0.5,0,0,0,1,0,0,1,0,0,0,0,0,0,0,1,0,0,0,2,1.0,48,894,42750.0,1,1,1,0,0,,
doc_0374,rvl_train_03656.png,train,total_amount,6300.0,money_anywhere,26,0.5532,3,7,1,6,0,0.8571,0.0,0,0,0,0.0,0,0,0.7647,0,0,0,0,0,0,1,0,0,0,0,0,0,0,1,0,0,0,2,1.0,48,894,6300.0,1,1,0,0,0,,
doc_0374,rvl_train_03656.png,train,total_amount,180.0,money_anywhere,27,0.5745,3,6,1,5,0,0.8333,0.0,0,0,0,0.0,0,0,0.7059,0,0,0,0,0,0,1,0,0,0,0,0,0,0,1,0,0,0,2,1.0,48,894,180.0,1,0,0,0,0,,
doc_0374,rvl_train_03656.png,train,total_amount,6900.0,money_anywhere,27,0.5745,3,7,1,6,0,0.8571,0.0,0,0,0,0.0,0,0,0.7059,0,0,0,0,0,0,1,0,0,0,0,0,0,0,1,0,0,0,2,1.0,48,894,6900.0,1,1,0,0,0,,
doc_0374,rvl_train_03656.png,train,total_amount,43200.0,money_totalish_line,28,0.5957,2,8,1,7,0,0.875,0.0,0,0,0,0.0,0,1,0.5,0,0,0,1,0,0,1,0,0,0,0,0,0,0,1,0,0,0,2,1.0,48,894,43200.0,1,1,1,0,0,,
doc_0374,rvl_train_03656.png,train,total_amount,1.0,money_totalish_line,29,0.617,8,4,1,3,0,0.75,0.0,0,0,0,0.0,0,0,0.2857,0,0,0,1,0,0,1,0,0,0,0,0,0,0,1,0,0,0,2,1.0,48,894,1.0,0,0,1,0,0,,
doc_0374,rvl_train_03656.png,train,total_amount,27.0,money_totalish_line,29,0.617,8,5,1,4,0,0.8,0.0,0,0,0,0.0,0,0,0.2857,0,0,0,1,0,0,1,0,0,0,0,0,0,0,1,0,0,0,2,1.0,48,894,27.0,0,0,1,0,0,,
doc_0374,rvl_train_03656.png,train,total_amount,28.0,money_totalish_line,29,0.617,8,5,1,4,0,0.8,0.0,0,0,0,0.0,0,0,0.2857,0,0,0,1,0,0,1,0,0,0,0,0,0,0,1,0,0,0,2,1.0,48,894,28.0,0,0,1,0,0,,
doc_0374,rvl_train_03656.png,train,total_amount,29.0,money_totalish_line,29,0.617,8,5,1,4,0,0.8,0.0,0,0,0,0.0,0,0,0.2857,0,0,0,1,0,0,1,0,0,0,0,0,0,0,1,0,0,0,2,1.0,48,894,29.0,0,0,1,0,0,,
doc_0374,rvl_train_03656.png,train,total_amount,30.0,money_totalish_line,29,0.617,8,5,1,4,0,0.8,0.0,0,0,0,0.0,0,0,0.2857,0,0,0,1,0,0,1,0,0,0,0,0,0,0,1,0,0,0,2,1.0,48,894,30.0,0,0,1,0,0,,
doc_0374,rvl_train_03656.png,train,total_amount,34.0,money_totalish_line,29,0.617,8,5,1,4,0,0.8,0.0,0,0,0,0.0,0,0,0.2857,0,0,0,1,0,0,1,0,0,0,0,0,0,0,1,0,0,0,2,1.0,48,894,34.0,0,0,1,0,0,,
doc_0374,rvl_train_03656.png,train,total_amount,5850.0,money_anywhere,30,0.6383,3,7,1,6,0,0.8571,0.0,0,0,0,0.0,0,0,0.7059,0,0,0,0,0,0,1,0,0,0,0,0,0,0,1,0,0,0,2,1.0,48,894,5850.0,1,1,0,0,0,,
doc_0374,rvl_train_03656.png,train,total_amount,7350.0,money_anywhere,31,0.6596,3,7,1,6,0,0.8571,0.0,0,0,0,0.0,0,0,0.7059,0,0,0,0,0,0,1,0,0,0,0,0,0,0,0,0,0,0,2,1.0,48,894,7350.0,1,1,0,0,0,,
doc_0374,rvl_train_03656.png,train,total_amount,53400.0,money_totalish_line,40,0.8511,4,8,1,7,0,0.875,0.0,0,0,0,0.0,0,1,0.35,0,0,0,1,0,0,1,1,0,0,0,0,0,0,1,0,0,0,2,1.0,48,894,53400.0,1,1,1,0,0,,
doc_0359,rvl_train_15338.png,train,total_amount,25000.0,money_anywhere,11,0.1864,5,8,1,7,0,0.875,0.0,0,0,0,0.0,0,0,0.2619,1,0,0,0,0,1,0,0,0,0,0,0,0,0,0,0,0,0,-1,1.0,60,1178,25000.0,1,1,0,0,0,,
doc_0211,rvl_train_24271.png,train,total_amount,73.2,money_anywhere,5,0.1852,8,5,1,4,0,0.8,0.0,0,0,0,0.0,0,0,0.1667,0,0,0,0,1,1,0,0,0,0,0,0,0,0,0,0,0,0,0,1.0,28,541,73.2,0,0,0,0,0,,
doc_0338,rvl_train_11862.png,train,total_amount,13095.0,money_anywhere,9,0.3214,8,8,1,7,0,0.875,0.0,0,0,0,0.0,0,0,0.175,0,0,0,0,1,1,0,0,0,0,0,0,0,0,0,0,0,1,0,1.0,29,644,13095.0,1,1,0,0,0,,
doc_0338,rvl_train_11862.png,train,total_amount,630.0,money_anywhere,10,0.3571,8,6,1,5,0,0.8333,0.0,0,0,0,0.0,0,0,0.3125,1,0,0,0,0,1,0,0,0,0,0,0,0,0,0,0,0,0,0,1.0,29,644,630.0,1,0,0,0,0,,
doc_0338,rvl_train_11862.png,train,total_amount,30600.0,money_anywhere,10,0.3571,8,8,1,7,0,0.875,0.0,0,0,0,0.0,0,0,0.3125,1,0,0,0,0,1,0,0,0,0,0,0,0,0,0,0,0,0,0,1.0,29,644,30600.0,1,1,0,0,0,,
doc_0338,rvl_train_11862.png,train,total_amount,33695.0,money_anywhere,11,0.3929,1,8,1,7,0,0.875,0.0,0,0,0,0.0,0,0,0.7778,0,0,0,0,0,1,0,0,0,0,0,0,0,0,0,0,0,0,0,1.0,29,644,33695.0,1,1,0,0,0,,
doc_0338,rvl_train_11862.png,train,total_amount,27282.07,money_anywhere,15,0.5357,4,8,1,7,0,0.875,0.0,0,0,0,0.0,0,0,0.2692,0,0,0,0,0,1,1,0,0,0,0,0,0,0,0,0,0,0,0,1.0,29,644,27282.07,1,1,0,0,0,,
doc_0338,rvl_train_11862.png,train,total_amount,65058.16,money_anywhere,16,0.5714,1,8,1,7,0,0.875,0.0,0,0,0,0.0,0,0,0.7778,0,0,0,0,0,1,1,0,0,0,0,0,0,0,0,0,0,0,0,1.0,29,644,65058.16,1,1,0,0,0,,
doc_0338,rvl_train_11862.png,train,total_amount,10500.0,money_anywhere,17,0.6071,4,8,1,7,0,0.875,0.0,0,0,0,0.0,0,0,0.4348,0,0,0,0,0,1,1,0,0,0,0,0,0,0,0,0,0,0,0,1.0,29,644,10500.0,1,1,0,0,0,,
doc_0338,rvl_train_11862.png,train,total_amount,74158.16,money_anywhere,18,0.6429,2,8,1,7,0,0.875,0.0,0,0,0,0.0,0,0,0.6364,0,0,0,0,0,1,1,0,0,0,0,0,0,0,0,0,0,0,0,1.0,29,644,74158.16,1,1,0,0,0,,
doc_0398,rvl_train_16011.png,train,total_amount,1235.0,money_anywhere,16,0.7619,1,7,1,6,0,0.8571,0.0,0,0,0,0.0,0,0,0.8571,0,0,0,0,0,1,1,1,0,0,0,0,0,0,0,0,0,0,0,1.0,22,384,1235.0,1,1,0,0,0,,
doc_0398,rvl_train_16011.png,train,total_amount,92458.16,money_anywhere,20,0.9524,1,8,1,7,0,0.875,0.0,0,0,0,0.0,0,0,0.7778,0,0,0,0,0,0,1,1,0,0,0,0,0,0,0,0,0,0,0,1.0,22,384,92458.16,1,1,0,0,0,,
doc_0315,rvl_train_06914.png,train,total_amount,13000.0,money_anywhere,12,0.75,5,8,1,7,0,0.875,0.0,0,0,0,0.0,0,0,0.25,1,0,0,1,0,1,1,1,0,0,0,0,0,0,0,0,0,0,1,1.0,17,317,13000.0,1,1,0,0,0,,
doc_0207,rvl_test_07315.png,train,total_amount,717.5,money_anywhere,5,0.2632,7,6,1,5,0,0.8333,0.0,0,0,0,0.0,1,0,0.2093,0,0,0,0,1,1,0,0,0,0,0,0,0,0,0,0,0,0,0,1.0,20,631,717.5,1,0,0,0,0,,
doc_0207,rvl_test_07315.png,train,total_amount,725.12,money_anywhere,6,0.3158,9,6,1,5,0,0.8333,0.0,0,0,0,0.0,1,0,0.1923,0,0,0,0,1,1,0,0,0,0,0,0,0,0,0,0,0,0,0,1.0,20,631,725.12,1,0,0,0,0,,
doc_0345,rvl_train_24766.png,train,total_amount,95640.5,money_anywhere,11,0.5238,12,8,1,7,0,0.875,0.0,0,0,0,0.0,0,0,0.1389,0,0,0,0,0,1,1,0,0,0,0,0,0,0,0,0,0,0,1,1.0,22,518,95640.5,1,1,0,0,0,,
doc_0367,rvl_train_21004.png,train,total_amount,1903.0,money_anywhere,8,0.5714,1,7,1,6,0,0.8571,0.0,0,0,0,0.0,0,0,0.6667,1,0,0,0,1,1,1,0,0,0,0,0,0,0,0,0,0,0,1,1.0,15,548,1903.0,1,1,0,0,0,,
doc_0395,rvl_train_17379.png,train,total_amount,2250.0,money_total_line,17,0.7391,5,7,1,6,0,0.8571,0.0,0,0,0,0.0,1,1,0.2143,1,0,0,1,0,1,1,0,0,0,0,0,0,0,1,1,0,1,3,1.0,24,538,2250.0,1,1,1,1,0,,
doc_0387,rvl_test_03487.png,train,total_amount,284.0,money_anywhere,11,0.3143,3,6,1,5,0,0.8333,0.0,0,0,0,0.0,0,0,0.3636,0,0,0,0,0,1,0,0,0,0,0,0,0,0,0,0,0,0,0,1.0,36,850,284.0,1,0,0,0,0,,
doc_0387,rvl_test_03487.png,train,total_amount,15.7,money_anywhere,12,0.3429,4,5,1,4,0,0.8,0.0,0,0,0,0.0,0,0,0.2581,0,0,0,0,0,1,0,0,0,0,0,0,0,0,0,0,0,0,0,1.0,36,850,15.7,0,0,0,0,0,,
doc_0387,rvl_test_03487.png,train,total_amount,17.44,money_anywhere,13,0.3714,5,5,1,4,0,0.8,0.0,0,0,0,0.0,0,0,0.25,0,0,0,0,0,1,0,0,0,0,0,0,0,0,0,0,0,0,0,1.0,36,850,17.44,0,0,0,0,0,,
doc_0387,rvl_test_03487.png,train,total_amount,43929.04,money_anywhere,30,0.8571,5,8,1,7,0,0.875,0.0,0,0,0,0.0,0,0,0.2222,0,1,0,0,0,0,1,1,0,0,0,0,0,0,0,0,0,0,0,1.0,36,850,43929.04,1,1,0,0,0,,
doc_0280,rvl_val_12456.png,train,total_amount,49200.6,money_anywhere,35,1.0,7,8,1,7,0,0.875,0.0,0,0,0,0.0,0,0,0.3103,0,0,0,0,0,0,1,1,0,0,0,0,0,0,0,0,0,0,0,1.0,36,1126,49200.6,1,1,0,0,0,,
doc_0365,rvl_train_03754.png,train,total_amount,3000.0,money_anywhere,27,0.7941,1,7,1,6,0,0.8571,0.0,0,0,0,0.0,0,0,0.6667,1,0,0,0,0,0,1,1,0,0,0,0,0,0,0,0,0,0,0,1.0,35,761,3000.0,1,1,0,0,0,,
doc_0212,rvl_train_22175.png,train,total_amount,7910.0,money_anywhere,6,0.1765,4,7,1,6,0,0.8571,0.0,0,0,0,0.0,0,1,0.2917,0,0,0,0,1,1,0,0,0,0,0,0,0,0,0,0,0,0,0,1.0,35,959,7910.0,1,1,0,0,0,,
doc_0234,rvl_train_19310.png,val,total_amount,1500.0,money_anywhere,9,0.3333,8,7,1,6,0,0.8571,0.0,0,0,0,0.0,0,0,0.2222,0,0,0,0,1,1,0,0,0,0,0,0,0,0,0,0,0,0,0,1.0,28,938,1500.0,1,1,0,0,0,,
doc_0234,rvl_train_19310.png,val,total_amount,2770.09,money_anywhere,10,0.3704,8,7,1,6,0,0.8571,0.0,0,0,0,0.0,0,0,0.2791,0,0,0,0,0,1,0,0,0,0,0,0,0,0,0,0,0,0,0,1.0,28,938,2770.09,1,1,0,0,0,,
doc_0234,rvl_train_19310.png,val,total_amount,2700.0,money_anywhere,11,0.4074,6,7,1,6,0,0.8571,0.0,0,0,0,0.0,0,1,0.5143,0,0,0,0,0,1,0,0,0,0,0,0,0,0,0,0,0,0,0,1.0,28,938,2700.0,1,1,0,0,0,,
doc_0234,rvl_train_19310.png,val,total_amount,100.06,money_anywhere,12,0.4444,6,6,1,5,0,0.8333,0.0,0,0,0,0.0,0,0,0.3714,0,0,0,0,0,1,0,0,0,0,0,0,0,0,0,0,0,0,0,1.0,28,938,100.06,1,0,0,0,0,,
doc_0234,rvl_train_19310.png,val,total_amount,580.0,money_anywhere,14,0.5185,4,6,1,5,0,0.8333,0.0,0,0,0,0.0,0,0,0.3043,0,0,0,0,0,1,1,0,0,0,0,0,0,0,0,0,0,0,0,1.0,28,938,580.0,1,0,0,0,0,,
doc_0234,rvl_train_19310.png,val,total_amount,50.0,money_anywhere,15,0.5556,4,5,1,4,0,0.8,0.0,0,0,0,0.0,0,0,0.2222,0,0,0,0,0,1,1,0,0,0,0,0,0,0,0,0,0,0,0,1.0,28,938,50.0,0,0,0,0,0,,
doc_0234,rvl_train_19310.png,val,total_amount,300.0,money_anywhere,16,0.5926,6,6,1,5,0,0.8333,0.0,0,0,0,0.0,0,0,0.359,0,0,0,0,0,1,1,0,0,0,0,0,0,0,0,0,0,0,0,1.0,28,938,300.0,1,0,0,0,0,,
doc_0234,rvl_train_19310.png,val,total_amount,1625.0,money_anywhere,17,0.6296,5,7,1,6,0,0.8571,0.0,0,0,0,0.0,0,0,0.4516,0,0,0,0,0,1,1,0,0,0,0,0,0,0,0,0,0,0,0,1.0,28,938,1625.0,1,1,0,0,0,,
doc_0234,rvl_train_19310.png,val,total_amount,1625.06,money_anywhere,17,0.6296,5,7,1,6,0,0.8571,0.0,0,0,0,0.0,0,0,0.4516,0,0,0,0,0,1,1,0,0,0,0,0,0,0,0,0,0,0,0,1.0,28,938,1625.06,1,1,0,0,0,,
doc_0234,rvl_train_19310.png,val,total_amount,250.0,money_anywhere,18,0.6667,6,6,1,5,0,0.8333,0.0,0,0,0,0.0,0,0,0.303,0,0,0,0,0,1,1,0,0,0,0,0,0,0,0,0,0,0,0,1.0,28,938,250.0,1,0,0,0,0,,
doc_0234,rvl_train_19310.png,val,total_amount,1454.0,money_anywhere,19,0.7037,8,7,1,6,0,0.8571,0.0,0,0,0,0.0,0,0,0.375,0,0,0,0,0,1,1,0,0,0,0,0,0,0,0,0,0,0,0,1.0,28,938,1454.0,1,1,0,0,0,,
doc_0234,rvl_train_19310.png,val,total_amount,19625.0,money_anywhere,20,0.7407,4,8,1,7,0,0.875,0.0,0,0,0,0.0,0,0,0.5185,0,0,0,0,0,0,1,0,0,0,0,0,0,0,0,0,0,0,0,1.0,28,938,19625.0,1,1,0,0,0,,
doc_0234,rvl_train_19310.png,val,total_amount,19629.06,money_anywhere,20,0.7407,4,8,1,7,0,0.875,0.0,0,0,0,0.0,0,0,0.5185,0,0,0,0,0,0,1,0,0,0,0,0,0,0,0,0,0,0,0,1.0,28,938,19629.06,1,1,0,0,0,,
doc_0234,rvl_train_19310.png,val,total_amount,4628.09,money_anywhere,22,0.8148,4,7,1,6,0,0.8571,0.0,0,0,0,0.0,0,0,0.4516,0,0,0,0,0,0,1,1,0,0,0,0,0,0,0,0,0,0,0,1.0,28,938,4628.09,1,1,0,0,0,,
doc_0200,rvl_train_20953.png,val,total_amount,135466.0,money_anywhere,13,0.7222,4,9,1,8,0,0.8889,0.0,0,0,0,0.0,0,0,0.3182,1,0,0,0,0,1,1,0,0,0,0,0,0,0,0,0,0,1,1,1.0,19,447,135466.0,1,1,0,0,1,,
doc_0200,rvl_train_20953.png,val,total_amount,21717.0,money_anywhere,16,0.8889,2,8,1,7,0,0.875,0.0,0,0,0,0.0,0,0,0.5385,0,0,0,0,0,1,1,1,0,0,0,0,0,0,1,0,0,1,1,1.0,19,447,21717.0,1,1,0,0,0,,
doc_0346,rvl_train_01544.png,val,total_amount,20000.0,money_anywhere,14,0.7778,3,8,1,7,0,0.875,0.0,0,0,0,0.0,0,0,0.3889,0,0,0,0,0,1,1,1,0,0,0,0,0,0,0,0,0,0,0,1.0,19,413,20000.0,1,1,0,0,0,,
doc_0302,rvl_train_08846.png,val,total_amount,22364.25,money_anywhere,13,0.5417,8,8,1,7,0,0.875,0.0,0,0,0,0.0,0,1,0.4146,1,0,0,0,0,1,1,0,1,1,0,0,0,0,0,0,0,0,2,1.0,25,650,22364.25,1,1,0,0,0,,
doc_0302,rvl_train_08846.png,val,total_amount,4187.38,money_anywhere,13,0.5417,8,7,1,6,0,0.8571,0.0,0,0,0,0.0,0,1,0.4146,1,0,0,0,0,1,1,0,1,1,0,0,0,0,0,0,0,0,2,1.0,25,650,4187.38,1,1,0,0,0,,
doc_0302,rvl_train_08846.png,val,total_amount,1597.9,money_anywhere,16,0.6667,4,7,1,6,0,0.8571,0.0,0,0,0,0.0,0,0,0.45,1,0,0,0,0,1,1,0,0,0,0,0,0,0,0,0,0,0,2,1.0,25,650,1597.9,1,1,0,0,0,,
doc_0302,rvl_train_08846.png,val,total_amount,1405.61,money_anywhere,17,0.7083,1,7,1,6,0,0.8571,0.0,0,0,0,0.0,0,0,0.6667,1,0,0,0,0,1,1,0,0,0,0,0,0,0,1,0,0,1,2,1.0,25,650,1405.61,1,1,0,0,0,,
doc_0213,rvl_train_17871.png,val,total_amount,2250.0,money_total_line,19,0.8636,5,7,1,6,0,0.8571,0.0,0,0,0,0.0,1,0,0.2,1,0,0,1,0,1,1,1,0,0,0,0,0,0,1,1,0,1,3,1.0,23,475,2250.0,1,1,1,1,0,,
doc_0230,rvl_train_21296.png,val,total_amount,93.09,money_anywhere,13,0.5417,9,5,1,4,0,0.8,0.0,0,0,0,0.0,0,0,0.5,0,0,0,0,0,1,1,0,0,0,0,0,0,0,0,0,0,0,0,1.0,25,714,93.09,0,0,0,0,0,,
doc_0230,rvl_train_21296.png,val,total_amount,719.38,money_anywhere,19,0.7917,7,6,1,5,0,0.8333,0.0,0,0,0,0.0,1,1,0.1525,0,0,0,0,0,1,1,1,0,0,0,0,0,0,0,0,0,0,0,1.0,25,714,719.38,1,0,0,0,0,,
doc_0372,rvl_test_14247.png,val,total_amount,124.81,money_anywhere,21,0.6774,2,6,1,5,0,0.8333,0.0,0,0,0,0.0,0,0,0.625,0,0,0,0,0,0,1,0,0,0,0,0,0,0,0,0,0,0,0,1.0,32,459,124.81,1,0,0,0,0,,
doc_0372,rvl_test_14247.png,val,total_amount,4322.97,money_anywhere,22,0.7097,1,7,1,6,0,0.8571,0.0,0,0,0,0.0,0,0,0.6667,0,0,0,0,0,0,1,0,0,0,0,0,0,0,0,0,0,0,0,1.0,32,459,4322.97,1,1,0,0,0,,
doc_0372,rvl_test_14247.png,val,total_amount,969.38,money_anywhere,24,0.7742,1,6,1,5,0,0.8333,0.0,0,0,0,0.0,0,0,0.625,0,0,0,0,0,0,1,1,0,0,0,0,0,0,0,0,0,0,0,1.0,32,459,969.38,1,0,0,0,0,,
doc_0372,rvl_test_14247.png,val,total_amount,8517.26,money_anywhere,30,0.9677,2,7,1,6,0,0.8571,0.0,0,0,0,0.0,0,0,0.5,0,0,0,0,0,0,1,1,0,0,0,0,0,0,0,0,0,0,0,1.0,32,459,8517.26,1,1,0,0,0,,
doc_0328,rvl_train_08082.png,val,total_amount,434723675.0,money_totalish_line,8,0.2667,7,12,1,11,0,0.9167,0.0,0,0,0,0.0,0,1,0.5833,0,0,0,1,1,1,0,0,0,0,0,0,0,0,1,0,0,0,-1,1.0,31,684,434723675.0,1,1,1,0,0,,
doc_0328,rvl_train_08082.png,val,total_amount,200.0,money_totalish_line,8,0.2667,7,6,1,5,0,0.8333,0.0,0,0,0,0.0,0,1,0.5833,0,0,0,1,1,1,0,0,0,0,0,0,0,0,1,0,0,0,-1,1.0,31,684,200.0,1,0,1,0,0,,
doc_0328,rvl_train_08082.png,val,total_amount,439723675.0,money_totalish_line,8,0.2667,7,12,1,11,0,0.9167,0.0,0,0,0,0.0,0,1,0.5833,0,0,0,1,1,1,0,0,0,0,0,0,0,0,1,0,0,0,-1,1.0,31,684,439723675.0,1,1,1,0,0,,
doc_0250,rvl_test_03170.png,val,total_amount,104.0,money_anywhere,16,0.4848,1,6,1,5,0,0.8333,0.0,0,0,0,0.0,0,0,0.7143,1,0,0,0,0,1,0,0,0,0,0,0,0,0,0,0,0,0,0,1.0,34,602,104.0,1,0,0,0,0,,
doc_0250,rvl_test_03170.png,val,total_amount,540.06,money_anywhere,19,0.5758,1,6,1,5,0,0.8333,0.0,0,0,0,0.0,0,0,0.7143,1,0,0,0,0,1,1,0,0,0,0,0,0,0,0,0,0,0,0,1.0,34,602,540.06,1,0,0,0,0,,
doc_0380,rvl_train_08631.png,val,total_amount,100058.0,money_anywhere,6,0.375,5,9,1,8,0,0.8889,0.0,0,0,0,0.0,0,1,0.1778,0,0,0,0,1,1,0,0,1,0,0,0,0,0,0,0,0,0,1,1.0,17,484,100058.0,1,1,0,0,0,,
doc_0380,rvl_train_08631.png,val,total_amount,13.5,money_anywhere,10,0.625,3,5,1,4,0,0.8,0.0,0,0,0,0.0,0,1,0.1667,0,0,0,0,0,1,1,0,0,0,0,0,0,0,1,0,0,0,1,1.0,17,484,13.5,0,0,0,0,0,,
doc_0260,rvl_train_02583.png,val,total_amount,3.0,money_total_line,9,0.3462,17,4,1,3,0,0.75,0.0,0,0,0,0.0,0,0,0.0588,0,0,0,1,1,1,0,0,0,0,0,0,0,0,0,1,0,0,1,1.0,27,517,3.0,0,0,0,1,0,,
doc_0260,rvl_train_02583.png,val,total_amount,20.0,money_total_line,9,0.3462,17,5,1,4,0,0.8,0.0,0,0,0,0.0,0,0,0.0588,0,0,0,1,1,1,0,0,0,0,0,0,0,0,0,1,0,0,1,1.0,27,517,20.0,0,0,0,1,0,,
doc_0260,rvl_train_02583.png,val,total_amount,30.0,money_total_line,9,0.3462,17,5,1,4,0,0.8,0.0,0,0,0,0.0,0,0,0.0588,0,0,0,1,1,1,0,0,0,0,0,0,0,0,0,1,0,0,1,1.0,27,517,30.0,0,0,0,1,0,,
doc_0260,rvl_train_02583.png,val,total_amount,324.8,money_anywhere,18,0.6923,5,6,1,5,0,0.8333,0.0,0,0,0,0.0,0,0,0.4444,1,0,0,0,0,1,1,0,0,0,0,0,0,0,0,0,0,0,1,1.0,27,517,324.8,1,0,0,0,0,,
doc_0260,rvl_train_02583.png,val,total_amount,31401.8,money_anywhere,23,0.8846,4,8,1,7,0,0.875,0.0,0,0,0,0.0,0,0,0.5,1,0,0,0,0,0,1,1,0,0,0,0,0,0,0,0,0,0,1,1.0,27,517,31401.8,1,1,0,0,0,,
doc_0326,rvl_train_15036.png,test,total_amount,28.0,money_anywhere,18,0.5455,8,5,1,4,0,0.8,0.0,0,0,0,0.0,0,0,0.5385,0,0,0,0,0,1,1,0,0,0,0,0,0,0,0,0,0,0,2,1.0,34,879,28.0,0,0,0,0,0,,
doc_0326,rvl_train_15036.png,test,total_amount,6310.08,money_anywhere,18,0.5455,8,7,1,6,0,0.8571,0.0,0,0,0,0.0,0,0,0.5385,0,0,0,0,0,1,1,0,0,0,0,0,0,0,0,0,0,0,2,1.0,34,879,6310.08,1,1,0,0,0,,
doc_0326,rvl_train_15036.png,test,total_amount,24.13,money_anywhere,19,0.5758,6,5,1,4,0,0.8,0.0,0,0,0,0.0,0,0,0.359,0,0,0,0,0,1,1,0,0,0,0,0,0,0,0,0,0,0,2,1.0,34,879,24.13,0,0,0,0,0,,
doc_0326,rvl_train_15036.png,test,total_amount,6013.82,money_anywhere,22,0.6667,2,7,1,6,0,0.8571,0.0,0,0,0,0.0,0,1,0.6,0,0,0,0,0,0,1,0,0,0,0,0,0,0,0,0,0,0,2,1.0,34,879,6013.82,1,1,0,0,0,,
doc_0356,rvl_train_19527.png,test,total_amount,45000.0,money_anywhere,18,0.8571,5,8,1,7,0,0.875,0.0,0,0,0,0.0,0,0,0.3333,0,0,0,0,0,1,1,1,0,0,0,0,0,0,0,0,0,0,0,1.0,22,478,45000.0,1,1,0,0,0,,
doc_0339,rvl_train_07187.png,test,total_amount,160.0,money_anywhere,23,0.6216,2,6,1,5,0,0.8333,0.0,0,0,0,0.0,1,0,0.3125,1,0,0,0,0,0,1,0,0,0,0,0,0,0,0,0,0,0,2,1.0,38,608,160.0,1,0,0,0,0,,
doc_0339,rvl_train_07187.png,test,total_amount,240.0,money_anywhere,24,0.6486,2,6,1,5,0,0.8333,0.0,0,0,0,0.0,1,0,0.2632,0,0,0,0,0,0,1,0,0,0,0,0,0,0,0,0,0,0,2,1.0,38,608,240.0,1,0,0,0,0,,
doc_0339,rvl_train_07187.png,test,total_amount,89.5,money_anywhere,25,0.6757,2,5,1,4,0,0.8,0.0,0,0,0,0.0,1,0,0.3333,0,0,0,0,0,0,1,0,0,0,0,0,0,0,0,0,0,0,2,1.0,38,608,89.5,0,0,0,0,0,,
doc_0322,rvl_train_16359.png,test,total_amount,195079.0,money_total_line,5,0.3333,9,9,1,8,0,0.8889,0.0,0,0,0,0.0,1,1,0.1731,0,0,0,1,1,1,0,0,0,0,0,0,0,0,1,1,0,1,1,1.0,16,576,195079.0,1,1,1,1,0,,
doc_0322,rvl_train_16359.png,test,total_amount,2.0,money_total_line,5,0.3333,9,4,1,3,0,0.75,0.0,0,0,0,0.0,1,1,0.1731,0,0,0,1,1,1,0,0,0,0,0,0,0,0,1,1,0,1,1,1.0,16,576,2.0,0,0,1,1,0,,
doc_0254,rvl_val_08668.png,test,total_amount,220.0,money_anywhere,26,0.619,6,6,1,5,0,0.8333,0.0,0,0,0,0.0,0,0,0.2778,1,0,0,0,0,0,1,0,0,0,0,0,0,0,0,0,0,0,0,1.0,43,1409,220.0,1,0,0,0,0,,
doc_0254,rvl_val_08668.png,test,total_amount,60.0,money_anywhere,28,0.6667,6,5,1,4,0,0.8,0.0,0,0,0,0.0,0,0,0.25,0,0,0,0,0,0,1,0,0,0,0,0,0,0,0,0,0,0,0,1.0,43,1409,60.0,0,0,0,0,0,,
doc_0254,rvl_val_08668.png,test,total_amount,280.0,money_totalish_line,30,0.7143,6,6,1,5,0,0.8333,0.0,0,0,0,0.0,0,0,0.1471,1,0,0,1,0,0,1,0,0,0,0,0,0,0,1,0,0,0,0,1.0,43,1409,280.0,1,0,1,0,0,,
doc_0254,rvl_val_08668.png,test,total_amount,1170.0,money_anywhere,32,0.7619,4,7,1,6,0,0.8571,0.0,0,0,0,0.0,0,0,0.1818,1,0,0,0,0,0,1,1,0,0,0,0,0,0,0,0,0,0,0,1.0,43,1409,1170.0,1,1,0,0,0,,
doc_0254,rvl_val_08668.png,test,total_amount,1203.35,money_totalish_line,36,0.8571,5,7,1,6,0,0.8571,0.0,0,0,0,0.0,0,0,0.1714,1,0,0,1,0,0,1,1,0,0,0,0,0,0,1,0,0,0,0,1.0,43,1409,1203.35,1,1,1,0,0,,
doc_0254,rvl_val_08668.png,test,total_amount,62.64,money_anywhere,38,0.9048,3,5,1,4,0,0.8,0.0,0,0,0,0.0,0,1,0.2857,1,0,0,0,0,0,1,1,0,0,0,0,0,0,0,0,0,0,0,1.0,43,1409,62.64,0,0,0,0,0,,
doc_0301,rvl_val_12434.png,test,total_amount,657.05,money_anywhere,1,0.0385,12,6,1,5,0,0.8333,0.0,0,0,0,0.0,0,1,0.12,0,1,0,0,1,1,0,0,0,0,0,0,0,0,0,0,0,0,0,1.0,27,570,657.05,1,0,0,0,0,,
doc_0301,rvl_val_12434.png,test,total_amount,112.5,money_anywhere,11,0.4231,6,6,1,5,0,0.8333,0.0,0,0,0,0.0,0,0,0.1613,0,0,0,0,0,1,0,0,0,0,0,0,0,0,0,0,0,0,0,1.0,27,570,112.5,1,0,0,0,0,,
doc_0301,rvl_val_12434.png,test,total_amount,158.08,money_anywhere,13,0.5,3,6,1,5,0,0.8333,0.0,0,0,0,0.0,0,1,0.2381,0,0,0,0,0,1,1,0,0,0,0,0,0,0,0,0,0,0,0,1.0,27,570,158.08,1,0,0,0,0,,
doc_0301,rvl_val_12434.png,test,total_amount,35.0,money_anywhere,14,0.5385,3,5,1,4,0,0.8,0.0,0,0,0,0.0,0,1,0.2222,0,0,0,0,0,1,1,0,0,0,0,0,0,0,0,0,0,0,0,1.0,27,570,35.0,0,0,0,0,0,,
doc_0301,rvl_val_12434.png,test,total_amount,340.0,money_anywhere,16,0.6154,4,6,1,5,0,0.8333,0.0,0,0,0,0.0,0,1,0.1852,0,0,0,0,0,1,1,0,0,0,0,0,0,0,0,0,0,0,0,1.0,27,570,340.0,1,0,0,0,0,,
doc_0301,rvl_val_12434.png,test,total_amount,225.0,money_anywhere,17,0.6538,5,6,1,5,0,0.8333,0.0,0,0,0,0.0,0,0,0.2083,0,0,0,0,0,1,1,0,0,0,0,0,0,0,0,0,0,0,0,1.0,27,570,225.0,1,0,0,0,0,,
doc_0382,rvl_train_16404.png,test,total_amount,2008.52,money_anywhere,15,0.5,4,7,1,6,0,0.8571,0.0,0,0,0,0.0,0,0,0.2,1,1,0,0,0,1,1,0,0,0,0,0,0,0,0,0,0,0,0,1.0,31,815,2008.52,1,1,0,0,0,,
doc_0382,rvl_train_16404.png,test,total_amount,2208.82,money_anywhere,16,0.5333,5,7,1,6,0,0.8571,0.0,0,0,0,0.0,0,0,0.1395,0,1,0,0,0,1,1,0,0,0,0,0,0,0,0,0,0,0,0,1.0,31,815,2208.82,1,1,0,0,0,,
doc_0382,rvl_train_16404.png,test,total_amount,4754.67,money_anywhere,17,0.5667,5,7,1,6,0,0.8571,0.0,0,0,0,0.0,0,0,0.1429,0,0,0,0,0,1,1,0,0,0,0,0,0,0,0,0,0,0,0,1.0,31,815,4754.67,1,1,0,0,0,,
doc_0382,rvl_train_16404.png,test,total_amount,3622.8,money_anywhere,27,0.9,4,7,1,6,0,0.8571,0.0,0,0,0,0.0,0,0,0.4211,0,0,0,0,0,0,1,1,0,0,0,0,0,0,0,0,0,0,0,1.0,31,815,3622.8,1,1,0,0,0,,
doc_0382,rvl_train_16404.png,test,total_amount,22936.8,money_anywhere,28,0.9333,2,8,1,7,0,0.875,0.0,0,0,0,0.0,0,0,0.6364,1,0,0,0,0,0,1,1,0,0,0,0,0,0,0,0,0,0,0,1.0,31,815,22936.8,1,1,0,0,0,,
doc_0390,rvl_train_06518.png,test,total_amount,28450.0,money_anywhere,14,0.4375,5,8,1,7,0,0.875,0.0,0,0,0,0.0,0,0,0.25,1,0,0,0,0,1,0,0,0,0,0,0,0,0,0,0,0,0,0,1.0,33,651,28450.0,1,1,0,0,0,,
doc_0390,rvl_train_06518.png,test,total_amount,2414.0,money_anywhere,15,0.4688,4,7,1,6,0,0.8571,0.0,0,0,0,0.0,0,0,0.2333,0,0,0,0,0,1,0,0,0,0,0,0,0,0,0,0,0,0,0,1.0,33,651,2414.0,1,1,0,0,0,,
doc_0390,rvl_train_06518.png,test,total_amount,95026.0,money_anywhere,16,0.5,1,8,1,7,0,0.875,0.0,0,0,0,0.0,0,0,0.7778,0,0,0,0,0,1,1,0,0,0,0,0,0,0,0,0,0,0,0,1.0,33,651,95026.0,1,1,0,0,0,,
doc_0390,rvl_train_06518.png,test,total_amount,2755.4,money_anywhere,17,0.5312,4,7,1,6,0,0.8571,0.0,0,0,0,0.0,0,0,0.2333,0,0,0,0,0,1,1,0,0,0,0,0,0,0,0,0,0,0,0,1.0,33,651,2755.4,1,1,0,0,0,,
doc_0390,rvl_train_06518.png,test,total_amount,21280.6,money_anywhere,18,0.5625,1,8,1,7,0,0.875,0.0,0,0,0,0.0,0,0,0.7778,0,0,0,0,0,1,1,0,0,0,0,0,0,0,0,0,0,0,0,1.0,33,651,21280.6,1,1,0,0,0,,
doc_0390,rvl_train_06518.png,test,total_amount,6239.0,money_anywhere,19,0.5938,4,7,1,6,0,0.8571,0.0,0,0,0,0.0,0,0,0.2727,0,0,0,0,0,1,1,0,0,0,0,0,0,0,1,0,0,1,0,1.0,33,651,6239.0,1,1,0,0,0,,
doc_0390,rvl_train_06518.png,test,total_amount,27599.6,money_totalish_line,20,0.625,5,8,1,7,0,0.875,0.0,0,0,0,0.0,0,0,0.25,0,0,0,1,0,0,1,0,0,0,0,0,0,0,1,0,0,1,0,1.0,33,651,27599.6,1,1,1,0,0,,
doc_0390,rvl_train_06518.png,test,total_amount,988.8,money_anywhere,23,0.7188,3,6,1,5,0,0.8333,0.0,0,0,0,0.0,0,0,0.4545,0,0,0,0,0,0,1,0,0,0,0,0,0,0,0,0,0,0,0,1.0,33,651,988.8,1,0,0,0,0,,
doc_0298,rvl_val_05355.png,test,total_amount,50.0,money_anywhere,7,0.6364,6,5,1,4,0,0.8,0.0,0,0,0,0.0,0,1,0.5294,0,1,0,0,1,1,1,0,1,0,0,0,0,0,0,0,0,0,0,1.0,12,320,50.0,0,0,0,0,0,,
doc_0347,rvl_val_05009.png,test,total_amount,68750.0,money_anywhere,10,0.625,1,8,1,7,0,0.875,0.0,0,0,0,0.0,0,0,0.7,1,0,0,0,0,1,1,0,0,0,0,0,0,0,0,0,0,1,1,1.0,17,353,68750.0,1,1,0,0,0,,
doc_0360,rvl_train_18129.png,test,total_amount,295.53,money_anywhere,22,0.9167,1,6,1,5,0,0.8333,0.0,0,0,0,0.0,0,0,0.8333,0,0,0,0,0,0,1,1,0,0,0,0,0,0,1,0,0,0,0,1.0,25,426,295.53,1,0,0,0,0,,
doc_0294,rvl_train_20807.png,test,total_amount,281.06,money_anywhere,23,0.5227,9,6,1,5,0,0.8333,0.0,0,0,0,0.0,0,0,0.2449,1,0,0,0,0,0,1,0,0,0,0,0,0,0,0,0,0,0,0,1.0,45,1121,281.06,1,0,0,0,0,,
doc_0294,rvl_train_20807.png,test,total_amount,63.0,money_anywhere,30,0.6818,6,5,1,4,0,0.8,0.0,0,0,0,0.0,0,0,0.1212,0,0,0,0,0,0,1,0,0,0,0,0,0,0,0,0,0,0,0,1.0,45,1121,63.0,0,0,0,0,0,,
doc_0240,rvl_train_22877.png,test,total_amount,21.85,money_anywhere,52,0.7123,1,5,1,4,0,0.8,0.0,0,0,0,0.0,0,0,0.8,0,0,0,0,0,0,1,0,0,0,0,0,0,0,0,0,0,0,0,0.85,74,938,21.85,0,0,0,0,0,,
doc_0240,rvl_train_22877.png,test,total_amount,28.45,money_anywhere,53,0.726,1,5,1,4,0,0.8,0.0,0,0,0,0.0,0,0,0.8,0,0,0,0,0,0,1,0,0,0,0,0,0,0,0,0,0,0,0,0.85,74,938,28.45,0,0,0,0,0,,
doc_0240,rvl_train_22877.png,test,total_amount,32.79,money_anywhere,55,0.7534,1,5,1,4,0,0.8,0.0,0,0,0,0.0,0,0,0.8,0,0,0,0,0,0,1,1,0,0,0,0,0,0,0,0,0,0,0,0.85,74,938,32.79,0,0,0,0,0,,
doc_0240,rvl_train_22877.png,test,total_amount,42.46,money_anywhere,56,0.7671,1,5,1,4,0,0.8,0.0,0,0,0,0.0,0,0,0.8,0,0,0,0,0,0,1,1,0,0,0,0,0,0,1,0,0,0,0,0.85,74,938,42.46,0,0,0,0,0,,
doc_0240,rvl_train_22877.png,test,total_amount,43.7,money_anywhere,63,0.863,1,5,1,4,0,0.8,0.0,0,0,0,0.0,0,0,0.8,0,0,0,0,0,0,1,1,0,0,0,0,0,0,0,0,0,0,0,0.85,74,938,43.7,0,0,0,0,0,,
doc_0240,rvl_train_22877.png,test,total_amount,56.9,money_anywhere,64,0.8767,1,5,1,4,0,0.8,0.0,0,0,0,0.0,0,0,0.8,0,0,0,0,0,0,1,1,0,0,0,0,0,0,0,0,0,0,0,0.85,74,938,56.9,0,0,0,0,0,,
doc_0240,rvl_train_22877.png,test,total_amount,203.04,money_anywhere,68,0.9315,1,6,1,5,0,0.8333,0.0,0,0,0,0.0,0,0,0.8333,0,0,0,0,0,0,1,1,0,0,0,0,0,0,0,0,0,0,0,0.85,74,938,203.04,1,0,0,0,0,,
doc_0358,rvl_train_08239.png,test,total_amount,10580.0,money_anywhere,14,0.6087,8,8,1,7,0,0.875,0.0,0,0,0,0.0,0,0,0.2292,1,0,0,0,0,1,1,0,1,0,0,0,0,0,0,0,0,0,1,1.0,24,562,10580.0,1,1,0,0,0,,
doc_0319,rvl_train_10312.png,test,total_amount,3600.0,money_anywhere,24,0.7273,9,7,1,6,0,0.8571,0.0,0,0,0,0.0,0,0,0.1707,0,0,0,0,0,0,1,0,0,0,0,0,0,0,0,0,0,0,0,1.0,34,659,3600.0,1,1,0,0,0,,
doc_0220,rvl_train_03071.png,test,total_amount,10250.0,money_totalish_line,13,0.5417,5,8,1,7,0,0.875,0.0,0,0,0,0.0,0,0,0.2174,0,0,0,1,0,1,1,0,1,0,0,0,0,0,1,0,0,0,1,1.0,25,715,10250.0,1,1,1,0,0,,
doc_0220,rvl_train_03071.png,test,total_amount,205.0,money_anywhere,16,0.6667,4,6,1,5,0,0.8333,0.0,0,0,0,0.0,0,1,0.4231,0,0,0,0,0,1,1,0,0,0,0,0,0,0,0,0,0,0,1,1.0,25,715,205.0,1,0,0,0,0,,
doc_0220,rvl_train_03071.png,test,total_amount,102.5,money_anywhere,16,0.6667,4,6,1,5,0,0.8333,0.0,0,0,0,0.0,0,1,0.4231,0,0,0,0,0,1,1,0,0,0,0,0,0,0,0,0,0,0,1,1.0,25,715,102.5,1,0,0,0,0,,
doc_0220,rvl_train_03071.png,test,total_amount,102.9,money_anywhere,22,0.9167,4,6,1,5,0,0.8333,0.0,0,0,0,0.0,0,0,0.25,1,0,0,0,0,0,1,1,0,0,0,0,0,0,0,0,0,0,1,1.0,25,715,102.9,1,0,0,0,0,,
doc_0292,rvl_train_19961.png,test,total_amount,29600.0,money_totalish_line,20,0.6667,10,8,1,7,0,0.875,0.0,0,0,0,0.0,0,0,0.1892,1,0,0,1,0,0,1,0,0,0,0,0,0,0,1,0,0,0,2,1.0,31,801,29600.0,1,1,1,0,0,,
doc_0355,rvl_train_12609.png,test,total_amount,900.0,money_anywhere,15,0.5,4,6,1,5,0,0.8333,0.0,0,0,0,0.0,0,0,0.2778,1,0,0,1,0,1,1,0,0,0,0,0,0,1,0,0,0,1,1,1.0,31,851,900.0,1,0,0,0,0,,
doc_0316,rvl_train_18586.png,test,total_amount,980.0,money_anywhere,16,0.8889,6,6,1,5,0,0.8333,0.0,0,0,0,0.0,0,0,0.2619,1,0,0,0,0,1,1,1,0,0,0,0,0,0,0,0,0,0,1,1.0,19,485,980.0,1,0,0,0,0,,
doc_0316,rvl_train_18586.png,test,total_amount,9809.0,money_anywhere,16,0.8889,6,7,1,6,0,0.8571,0.0,0,0,0,0.0,0,0,0.2619,1,0,0,0,0,1,1,1,0,0,0,0,0,0,0,0,0,0,1,1.0,19,485,9809.0,1,1,0,0,0,,
doc_0329,rvl_train_24412.png,test,total_amount,2050.0,money_anywhere,20,0.8696,2,7,1,6,0,0.8571,0.0,0,0,0,0.0,0,0,0.6,1,0,0,0,0,0,1,1,0,0,0,0,0,0,0,0,0,0,2,1.0,24,455,2050.0,1,1,0,0,0,,
doc_0291,rvl_train_22399.png,test,total_amount,2333.96,money_anywhere,10,0.3846,5,7,1,6,0,0.8571,0.0,0,0,0,0.0,0,0,0.1333,1,1,0,0,0,1,0,0,0,0,0,0,0,0,0,0,0,0,0,1.0,27,719,2333.96,1,1,0,0,0,,
doc_0291,rvl_train_22399.png,test,total_amount,583.82,money_anywhere,11,0.4231,5,6,1,5,0,0.8333,0.0,0,0,0,0.0,0,0,0.15,0,0,0,0,0,1,0,0,0,0,0,0,0,0,0,0,0,0,0,1.0,27,719,583.82,1,0,0,0,0,,
doc_0291,rvl_train_22399.png,test,total_amount,170.69,money_anywhere,12,0.4615,4,6,1,5,0,0.8333,0.0,0,0,0,0.0,0,0,0.2941,0,0,0,0,0,1,0,0,0,0,0,0,0,0,0,0,0,0,0,1.0,27,719,170.69,1,0,0,0,0,,
doc_0291,rvl_train_22399.png,test,total_amount,105.62,money_anywhere,13,0.5,6,6,1,5,0,0.8333,0.0,0,0,0,0.0,0,0,0.125,0,1,0,0,0,1,1,0,0,0,0,0,0,0,0,0,0,0,0,1.0,27,719,105.62,1,0,0,0,0,,
doc_0291,rvl_train_22399.png,test,total_amount,686.1,money_anywhere,15,0.5769,4,6,1,5,0,0.8333,0.0,0,0,0,0.0,0,0,0.1724,0,0,0,0,0,1,1,0,0,0,0,0,0,0,0,0,0,0,0,1.0,27,719,686.1,1,0,0,0,0,,
doc_0291,rvl_train_22399.png,test,total_amount,103.12,money_anywhere,16,0.6154,6,6,1,5,0,0.8333,0.0,0,0,0,0.0,0,0,0.1515,1,0,0,0,0,1,1,0,0,0,0,0,0,0,0,0,0,0,0,1.0,27,719,103.12,1,0,0,0,0,,
doc_0291,rvl_train_22399.png,test,total_amount,462.5,money_anywhere,17,0.6538,2,6,1,5,0,0.8333,0.0,0,0,0,0.0,0,0,0.3846,0,0,0,0,0,1,1,0,0,0,0,0,0,0,0,0,0,0,0,1.0,27,719,462.5,1,0,0,0,0,,
doc_0291,rvl_train_22399.png,test,total_amount,3391.29,money_anywhere,19,0.7308,6,7,1,6,0,0.8571,0.0,0,0,0,0.0,0,0,0.25,0,0,0,0,0,1,1,0,0,0,0,0,0,0,0,0,0,0,0,1.0,27,719,3391.29,1,1,0,0,0,,
doc_0291,rvl_train_22399.png,test,total_amount,8020.29,money_anywhere,20,0.7692,1,7,1,6,0,0.8571,0.0,0,0,0,0.0,0,0,0.75,0,0,0,0,0,0,1,1,0,0,0,0,0,0,0,0,0,0,0,1.0,27,719,8020.29,1,1,0,0,0,,
doc_0291,rvl_train_22399.png,test,total_amount,2602.05,money_anywhere,21,0.8077,4,7,1,6,0,0.8571,0.0,0,0,0,0.0,0,0,0.4211,0,0,0,0,0,0,1,1,0,0,0,0,0,0,1,0,0,0,0,1.0,27,719,2602.05,1,1,0,0,0,,
doc_0291,rvl_train_22399.png,test,total_amount,12.34,money_totalish_line,22,0.8462,2,5,1,4,0,0.8,0.0,0,0,0,0.0,0,0,0.3333,1,0,0,1,0,0,1,1,0,0,0,0,0,0,1,0,0,0,0,1.0,27,719,12.34,0,0,1,0,0,,
